x,y,r,theta_deg,z,angle_deg,sim_reachable,sim_error,real_reachable,real_error,mismatch
-0.15,-0.0,0.15,-180,0.1608,0,False,-31,False,-31,False
-0.15,-0.0,0.15,-180,0.1608,30,False,-31,False,-31,False
-0.15,-0.0,0.15,-180,0.1608,60,False,-31,False,-31,False
-0.15,-0.0,0.15,-180,0.1608,90,False,-31,False,-31,False
-0.15,-0.0,0.15,-180,0.2108,0,False,-31,False,-31,False
-0.15,-0.0,0.15,-180,0.2108,30,False,-31,False,-31,False
-0.15,-0.0,0.15,-180,0.2108,60,False,-31,False,-31,False
-0.15,-0.0,0.15,-180,0.2108,90,False,-31,False,-31,False
-0.15,-0.0,0.15,-180,0.2608,0,False,-31,False,-31,False
-0.15,-0.0,0.15,-180,0.2608,30,False,-31,False,-31,False
-0.15,-0.0,0.15,-180,0.2608,60,False,-31,False,-31,False
-0.15,-0.0,0.15,-180,0.2608,90,False,-31,False,-31,False
-0.15,-0.0,0.15,-180,0.31,0,False,-31,False,-31,False
-0.15,-0.0,0.15,-180,0.31,30,False,-31,False,-31,False
-0.15,-0.0,0.15,-180,0.31,60,False,-31,False,-31,False
-0.15,-0.0,0.15,-180,0.31,90,False,-31,False,-31,False
-0.1449,-0.0388,0.15,-165,0.1608,0,False,-31,False,-31,False
-0.1449,-0.0388,0.15,-165,0.1608,30,False,-31,False,-31,False
-0.1449,-0.0388,0.15,-165,0.1608,60,False,-31,False,-31,False
-0.1449,-0.0388,0.15,-165,0.1608,90,False,-31,False,-31,False
-0.1449,-0.0388,0.15,-165,0.2108,0,False,-31,False,-31,False
-0.1449,-0.0388,0.15,-165,0.2108,30,False,-31,False,-31,False
-0.1449,-0.0388,0.15,-165,0.2108,60,False,-31,False,-31,False
-0.1449,-0.0388,0.15,-165,0.2108,90,False,-31,False,-31,False
-0.1449,-0.0388,0.15,-165,0.2608,0,False,-31,False,-31,False
-0.1449,-0.0388,0.15,-165,0.2608,30,False,-31,False,-31,False
-0.1449,-0.0388,0.15,-165,0.2608,60,False,-31,False,-31,False
-0.1449,-0.0388,0.15,-165,0.2608,90,False,-31,False,-31,False
-0.1449,-0.0388,0.15,-165,0.31,0,False,-31,False,-31,False
-0.1449,-0.0388,0.15,-165,0.31,30,False,-31,False,-31,False
-0.1449,-0.0388,0.15,-165,0.31,60,False,-31,False,-31,False
-0.1449,-0.0388,0.15,-165,0.31,90,False,-31,False,-31,False
-0.1299,-0.075,0.15,-150,0.1608,0,False,-31,False,-31,False
-0.1299,-0.075,0.15,-150,0.1608,30,False,-31,False,-31,False
-0.1299,-0.075,0.15,-150,0.1608,60,False,-31,False,-31,False
-0.1299,-0.075,0.15,-150,0.1608,90,False,-31,False,-31,False
-0.1299,-0.075,0.15,-150,0.2108,0,False,-31,False,-31,False
-0.1299,-0.075,0.15,-150,0.2108,30,False,-31,False,-31,False
-0.1299,-0.075,0.15,-150,0.2108,60,False,-31,False,-31,False
-0.1299,-0.075,0.15,-150,0.2108,90,False,-31,False,-31,False
-0.1299,-0.075,0.15,-150,0.2608,0,False,-31,False,-31,False
-0.1299,-0.075,0.15,-150,0.2608,30,False,-31,False,-31,False
-0.1299,-0.075,0.15,-150,0.2608,60,False,-31,False,-31,False
-0.1299,-0.075,0.15,-150,0.2608,90,False,-31,False,-31,False
-0.1299,-0.075,0.15,-150,0.31,0,False,-31,False,-31,False
-0.1299,-0.075,0.15,-150,0.31,30,False,-31,False,-31,False
-0.1299,-0.075,0.15,-150,0.31,60,False,-31,False,-31,False
-0.1299,-0.075,0.15,-150,0.31,90,False,-31,False,-31,False
-0.1061,-0.1061,0.15,-135,0.1608,0,False,-31,False,-31,False
-0.1061,-0.1061,0.15,-135,0.1608,30,False,-31,False,-31,False
-0.1061,-0.1061,0.15,-135,0.1608,60,False,-31,False,-31,False
-0.1061,-0.1061,0.15,-135,0.1608,90,False,-31,False,-31,False
-0.1061,-0.1061,0.15,-135,0.2108,0,False,-31,False,-31,False
-0.1061,-0.1061,0.15,-135,0.2108,30,False,-31,False,-31,False
-0.1061,-0.1061,0.15,-135,0.2108,60,False,-31,False,-31,False
-0.1061,-0.1061,0.15,-135,0.2108,90,False,-31,False,-31,False
-0.1061,-0.1061,0.15,-135,0.2608,0,False,-31,False,-31,False
-0.1061,-0.1061,0.15,-135,0.2608,30,False,-31,False,-31,False
-0.1061,-0.1061,0.15,-135,0.2608,60,False,-31,False,-31,False
-0.1061,-0.1061,0.15,-135,0.2608,90,False,-31,False,-31,False
-0.1061,-0.1061,0.15,-135,0.31,0,False,-31,False,-31,False
-0.1061,-0.1061,0.15,-135,0.31,30,False,-31,False,-31,False
-0.1061,-0.1061,0.15,-135,0.31,60,False,-31,False,-31,False
-0.1061,-0.1061,0.15,-135,0.31,90,False,-31,False,-31,False
-0.075,-0.1299,0.15,-120,0.1608,0,False,-31,False,-31,False
-0.075,-0.1299,0.15,-120,0.1608,30,False,-31,False,-31,False
-0.075,-0.1299,0.15,-120,0.1608,60,False,-31,False,-31,False
-0.075,-0.1299,0.15,-120,0.1608,90,False,-31,False,-31,False
-0.075,-0.1299,0.15,-120,0.2108,0,False,-31,False,-31,False
-0.075,-0.1299,0.15,-120,0.2108,30,False,-31,False,-31,False
-0.075,-0.1299,0.15,-120,0.2108,60,False,-31,False,-31,False
-0.075,-0.1299,0.15,-120,0.2108,90,False,-31,False,-31,False
-0.075,-0.1299,0.15,-120,0.2608,0,False,-31,False,-31,False
-0.075,-0.1299,0.15,-120,0.2608,30,False,-31,False,-31,False
-0.075,-0.1299,0.15,-120,0.2608,60,False,-31,False,-31,False
-0.075,-0.1299,0.15,-120,0.2608,90,False,-31,False,-31,False
-0.075,-0.1299,0.15,-120,0.31,0,False,-31,False,-31,False
-0.075,-0.1299,0.15,-120,0.31,30,False,-31,False,-31,False
-0.075,-0.1299,0.15,-120,0.31,60,False,-31,False,-31,False
-0.075,-0.1299,0.15,-120,0.31,90,False,-31,False,-31,False
-0.0388,-0.1449,0.15,-105,0.1608,0,False,-31,False,-31,False
-0.0388,-0.1449,0.15,-105,0.1608,30,False,-31,False,-31,False
-0.0388,-0.1449,0.15,-105,0.1608,60,False,-31,False,-31,False
-0.0388,-0.1449,0.15,-105,0.1608,90,False,-31,False,-31,False
-0.0388,-0.1449,0.15,-105,0.2108,0,False,-31,False,-31,False
-0.0388,-0.1449,0.15,-105,0.2108,30,False,-31,False,-31,False
-0.0388,-0.1449,0.15,-105,0.2108,60,False,-31,False,-31,False
-0.0388,-0.1449,0.15,-105,0.2108,90,False,-31,False,-31,False
-0.0388,-0.1449,0.15,-105,0.2608,0,False,-31,False,-31,False
-0.0388,-0.1449,0.15,-105,0.2608,30,False,-31,False,-31,False
-0.0388,-0.1449,0.15,-105,0.2608,60,False,-31,False,-31,False
-0.0388,-0.1449,0.15,-105,0.2608,90,False,-31,False,-31,False
-0.0388,-0.1449,0.15,-105,0.31,0,False,-31,False,-31,False
-0.0388,-0.1449,0.15,-105,0.31,30,False,-31,False,-31,False
-0.0388,-0.1449,0.15,-105,0.31,60,False,-31,False,-31,False
-0.0388,-0.1449,0.15,-105,0.31,90,False,-31,False,-31,False
0.0,-0.15,0.15,-90,0.1608,0,False,-31,False,-31,False
0.0,-0.15,0.15,-90,0.1608,30,False,-31,False,-31,False
0.0,-0.15,0.15,-90,0.1608,60,False,-31,False,-31,False
0.0,-0.15,0.15,-90,0.1608,90,False,-31,False,-31,False
0.0,-0.15,0.15,-90,0.2108,0,False,-31,False,-31,False
0.0,-0.15,0.15,-90,0.2108,30,False,-31,False,-31,False
0.0,-0.15,0.15,-90,0.2108,60,False,-31,False,-31,False
0.0,-0.15,0.15,-90,0.2108,90,False,-31,False,-31,False
0.0,-0.15,0.15,-90,0.2608,0,False,-31,False,-31,False
0.0,-0.15,0.15,-90,0.2608,30,False,-31,False,-31,False
0.0,-0.15,0.15,-90,0.2608,60,False,-31,False,-31,False
0.0,-0.15,0.15,-90,0.2608,90,False,-31,False,-31,False
0.0,-0.15,0.15,-90,0.31,0,False,-31,False,-31,False
0.0,-0.15,0.15,-90,0.31,30,False,-31,False,-31,False
0.0,-0.15,0.15,-90,0.31,60,False,-31,False,-31,False
0.0,-0.15,0.15,-90,0.31,90,False,-31,False,-31,False
0.0388,-0.1449,0.15,-75,0.1608,0,False,-31,False,-31,False
0.0388,-0.1449,0.15,-75,0.1608,30,False,-31,False,-31,False
0.0388,-0.1449,0.15,-75,0.1608,60,False,-31,False,-31,False
0.0388,-0.1449,0.15,-75,0.1608,90,False,-31,False,-31,False
0.0388,-0.1449,0.15,-75,0.2108,0,False,-31,False,-31,False
0.0388,-0.1449,0.15,-75,0.2108,30,False,-31,False,-31,False
0.0388,-0.1449,0.15,-75,0.2108,60,False,-31,False,-31,False
0.0388,-0.1449,0.15,-75,0.2108,90,False,-31,False,-31,False
0.0388,-0.1449,0.15,-75,0.2608,0,False,-31,False,-31,False
0.0388,-0.1449,0.15,-75,0.2608,30,False,-31,False,-31,False
0.0388,-0.1449,0.15,-75,0.2608,60,False,-31,False,-31,False
0.0388,-0.1449,0.15,-75,0.2608,90,False,-31,False,-31,False
0.0388,-0.1449,0.15,-75,0.31,0,False,-31,False,-31,False
0.0388,-0.1449,0.15,-75,0.31,30,False,-31,False,-31,False
0.0388,-0.1449,0.15,-75,0.31,60,False,-31,False,-31,False
0.0388,-0.1449,0.15,-75,0.31,90,False,-31,False,-31,False
0.075,-0.1299,0.15,-60,0.1608,0,False,-31,False,-31,False
0.075,-0.1299,0.15,-60,0.1608,30,False,-31,False,-31,False
0.075,-0.1299,0.15,-60,0.1608,60,False,-31,False,-31,False
0.075,-0.1299,0.15,-60,0.1608,90,False,-31,False,-31,False
0.075,-0.1299,0.15,-60,0.2108,0,False,-31,False,-31,False
0.075,-0.1299,0.15,-60,0.2108,30,False,-31,False,-31,False
0.075,-0.1299,0.15,-60,0.2108,60,False,-31,False,-31,False
0.075,-0.1299,0.15,-60,0.2108,90,False,-31,False,-31,False
0.075,-0.1299,0.15,-60,0.2608,0,False,-31,False,-31,False
0.075,-0.1299,0.15,-60,0.2608,30,False,-31,False,-31,False
0.075,-0.1299,0.15,-60,0.2608,60,False,-31,False,-31,False
0.075,-0.1299,0.15,-60,0.2608,90,False,-31,False,-31,False
0.075,-0.1299,0.15,-60,0.31,0,False,-31,False,-31,False
0.075,-0.1299,0.15,-60,0.31,30,False,-31,False,-31,False
0.075,-0.1299,0.15,-60,0.31,60,False,-31,False,-31,False
0.075,-0.1299,0.15,-60,0.31,90,False,-31,False,-31,False
0.1061,-0.1061,0.15,-45,0.1608,0,False,-31,False,-31,False
0.1061,-0.1061,0.15,-45,0.1608,30,False,-31,False,-31,False
0.1061,-0.1061,0.15,-45,0.1608,60,False,-31,False,-31,False
0.1061,-0.1061,0.15,-45,0.1608,90,False,-31,False,-31,False
0.1061,-0.1061,0.15,-45,0.2108,0,False,-31,False,-31,False
0.1061,-0.1061,0.15,-45,0.2108,30,False,-31,False,-31,False
0.1061,-0.1061,0.15,-45,0.2108,60,False,-31,False,-31,False
0.1061,-0.1061,0.15,-45,0.2108,90,False,-31,False,-31,False
0.1061,-0.1061,0.15,-45,0.2608,0,False,-31,False,-31,False
0.1061,-0.1061,0.15,-45,0.2608,30,False,-31,False,-31,False
0.1061,-0.1061,0.15,-45,0.2608,60,False,-31,False,-31,False
0.1061,-0.1061,0.15,-45,0.2608,90,False,-31,False,-31,False
0.1061,-0.1061,0.15,-45,0.31,0,False,-31,False,-31,False
0.1061,-0.1061,0.15,-45,0.31,30,False,-31,False,-31,False
0.1061,-0.1061,0.15,-45,0.31,60,False,-31,False,-31,False
0.1061,-0.1061,0.15,-45,0.31,90,False,-31,False,-31,False
0.1299,-0.075,0.15,-30,0.1608,0,False,-31,False,-31,False
0.1299,-0.075,0.15,-30,0.1608,30,False,-31,False,-31,False
0.1299,-0.075,0.15,-30,0.1608,60,False,-31,False,-31,False
0.1299,-0.075,0.15,-30,0.1608,90,False,-31,False,-31,False
0.1299,-0.075,0.15,-30,0.2108,0,False,-31,False,-31,False
0.1299,-0.075,0.15,-30,0.2108,30,False,-31,False,-31,False
0.1299,-0.075,0.15,-30,0.2108,60,False,-31,False,-31,False
0.1299,-0.075,0.15,-30,0.2108,90,False,-31,False,-31,False
0.1299,-0.075,0.15,-30,0.2608,0,False,-31,False,-31,False
0.1299,-0.075,0.15,-30,0.2608,30,False,-31,False,-31,False
0.1299,-0.075,0.15,-30,0.2608,60,False,-31,False,-31,False
0.1299,-0.075,0.15,-30,0.2608,90,False,-31,False,-31,False
0.1299,-0.075,0.15,-30,0.31,0,False,-31,False,-31,False
0.1299,-0.075,0.15,-30,0.31,30,False,-31,False,-31,False
0.1299,-0.075,0.15,-30,0.31,60,False,-31,False,-31,False
0.1299,-0.075,0.15,-30,0.31,90,False,-31,False,-31,False
0.1449,-0.0388,0.15,-15,0.1608,0,False,-31,False,-31,False
0.1449,-0.0388,0.15,-15,0.1608,30,False,-31,False,-31,False
0.1449,-0.0388,0.15,-15,0.1608,60,False,-31,False,-31,False
0.1449,-0.0388,0.15,-15,0.1608,90,False,-31,False,-31,False
0.1449,-0.0388,0.15,-15,0.2108,0,False,-31,False,-31,False
0.1449,-0.0388,0.15,-15,0.2108,30,False,-31,False,-31,False
0.1449,-0.0388,0.15,-15,0.2108,60,False,-31,False,-31,False
0.1449,-0.0388,0.15,-15,0.2108,90,False,-31,False,-31,False
0.1449,-0.0388,0.15,-15,0.2608,0,False,-31,False,-31,False
0.1449,-0.0388,0.15,-15,0.2608,30,False,-31,False,-31,False
0.1449,-0.0388,0.15,-15,0.2608,60,False,-31,False,-31,False
0.1449,-0.0388,0.15,-15,0.2608,90,False,-31,False,-31,False
0.1449,-0.0388,0.15,-15,0.31,0,False,-31,False,-31,False
0.1449,-0.0388,0.15,-15,0.31,30,False,-31,False,-31,False
0.1449,-0.0388,0.15,-15,0.31,60,False,-31,False,-31,False
0.1449,-0.0388,0.15,-15,0.31,90,False,-31,False,-31,False
0.15,0.0,0.15,0,0.1608,0,False,-31,False,-31,False
0.15,0.0,0.15,0,0.1608,30,False,-31,False,-31,False
0.15,0.0,0.15,0,0.1608,60,False,-31,False,-31,False
0.15,0.0,0.15,0,0.1608,90,False,-31,False,-31,False
0.15,0.0,0.15,0,0.2108,0,False,-31,False,-31,False
0.15,0.0,0.15,0,0.2108,30,False,-31,False,-31,False
0.15,0.0,0.15,0,0.2108,60,False,-31,False,-31,False
0.15,0.0,0.15,0,0.2108,90,False,-31,False,-31,False
0.15,0.0,0.15,0,0.2608,0,False,-31,False,-31,False
0.15,0.0,0.15,0,0.2608,30,False,-31,False,-31,False
0.15,0.0,0.15,0,0.2608,60,False,-31,False,-31,False
0.15,0.0,0.15,0,0.2608,90,False,-31,False,-31,False
0.15,0.0,0.15,0,0.31,0,False,-31,False,-31,False
0.15,0.0,0.15,0,0.31,30,False,-31,False,-31,False
0.15,0.0,0.15,0,0.31,60,False,-31,False,-31,False
0.15,0.0,0.15,0,0.31,90,False,-31,False,-31,False
0.1449,0.0388,0.15,15,0.1608,0,False,-31,False,-31,False
0.1449,0.0388,0.15,15,0.1608,30,False,-31,False,-31,False
0.1449,0.0388,0.15,15,0.1608,60,False,-31,False,-31,False
0.1449,0.0388,0.15,15,0.1608,90,False,-31,False,-31,False
0.1449,0.0388,0.15,15,0.2108,0,False,-31,False,-31,False
0.1449,0.0388,0.15,15,0.2108,30,False,-31,False,-31,False
0.1449,0.0388,0.15,15,0.2108,60,False,-31,False,-31,False
0.1449,0.0388,0.15,15,0.2108,90,False,-31,False,-31,False
0.1449,0.0388,0.15,15,0.2608,0,False,-31,False,-31,False
0.1449,0.0388,0.15,15,0.2608,30,False,-31,False,-31,False
0.1449,0.0388,0.15,15,0.2608,60,False,-31,False,-31,False
0.1449,0.0388,0.15,15,0.2608,90,False,-31,False,-31,False
0.1449,0.0388,0.15,15,0.31,0,False,-31,False,-31,False
0.1449,0.0388,0.15,15,0.31,30,False,-31,False,-31,False
0.1449,0.0388,0.15,15,0.31,60,False,-31,False,-31,False
0.1449,0.0388,0.15,15,0.31,90,False,-31,False,-31,False
0.1299,0.075,0.15,30,0.1608,0,False,-31,False,-31,False
0.1299,0.075,0.15,30,0.1608,30,False,-31,False,-31,False
0.1299,0.075,0.15,30,0.1608,60,False,-31,False,-31,False
0.1299,0.075,0.15,30,0.1608,90,False,-31,False,-31,False
0.1299,0.075,0.15,30,0.2108,0,False,-31,False,-31,False
0.1299,0.075,0.15,30,0.2108,30,False,-31,False,-31,False
0.1299,0.075,0.15,30,0.2108,60,False,-31,False,-31,False
0.1299,0.075,0.15,30,0.2108,90,False,-31,False,-31,False
0.1299,0.075,0.15,30,0.2608,0,False,-31,False,-31,False
0.1299,0.075,0.15,30,0.2608,30,False,-31,False,-31,False
0.1299,0.075,0.15,30,0.2608,60,False,-31,False,-31,False
0.1299,0.075,0.15,30,0.2608,90,False,-31,False,-31,False
0.1299,0.075,0.15,30,0.31,0,False,-31,False,-31,False
0.1299,0.075,0.15,30,0.31,30,False,-31,False,-31,False
0.1299,0.075,0.15,30,0.31,60,False,-31,False,-31,False
0.1299,0.075,0.15,30,0.31,90,False,-31,False,-31,False
0.1061,0.1061,0.15,45,0.1608,0,False,-31,False,-31,False
0.1061,0.1061,0.15,45,0.1608,30,False,-31,False,-31,False
0.1061,0.1061,0.15,45,0.1608,60,False,-31,False,-31,False
0.1061,0.1061,0.15,45,0.1608,90,False,-31,False,-31,False
0.1061,0.1061,0.15,45,0.2108,0,False,-31,False,-31,False
0.1061,0.1061,0.15,45,0.2108,30,False,-31,False,-31,False
0.1061,0.1061,0.15,45,0.2108,60,False,-31,False,-31,False
0.1061,0.1061,0.15,45,0.2108,90,False,-31,False,-31,False
0.1061,0.1061,0.15,45,0.2608,0,False,-31,False,-31,False
0.1061,0.1061,0.15,45,0.2608,30,False,-31,False,-31,False
0.1061,0.1061,0.15,45,0.2608,60,False,-31,False,-31,False
0.1061,0.1061,0.15,45,0.2608,90,False,-31,False,-31,False
0.1061,0.1061,0.15,45,0.31,0,False,-31,False,-31,False
0.1061,0.1061,0.15,45,0.31,30,False,-31,False,-31,False
0.1061,0.1061,0.15,45,0.31,60,False,-31,False,-31,False
0.1061,0.1061,0.15,45,0.31,90,False,-31,False,-31,False
0.075,0.1299,0.15,60,0.1608,0,False,-31,False,-31,False
0.075,0.1299,0.15,60,0.1608,30,False,-31,False,-31,False
0.075,0.1299,0.15,60,0.1608,60,False,-31,False,-31,False
0.075,0.1299,0.15,60,0.1608,90,False,-31,False,-31,False
0.075,0.1299,0.15,60,0.2108,0,False,-31,False,-31,False
0.075,0.1299,0.15,60,0.2108,30,False,-31,False,-31,False
0.075,0.1299,0.15,60,0.2108,60,False,-31,False,-31,False
0.075,0.1299,0.15,60,0.2108,90,False,-31,False,-31,False
0.075,0.1299,0.15,60,0.2608,0,False,-31,False,-31,False
0.075,0.1299,0.15,60,0.2608,30,False,-31,False,-31,False
0.075,0.1299,0.15,60,0.2608,60,False,-31,False,-31,False
0.075,0.1299,0.15,60,0.2608,90,False,-31,False,-31,False
0.075,0.1299,0.15,60,0.31,0,False,-31,False,-31,False
0.075,0.1299,0.15,60,0.31,30,False,-31,False,-31,False
0.075,0.1299,0.15,60,0.31,60,False,-31,False,-31,False
0.075,0.1299,0.15,60,0.31,90,False,-31,False,-31,False
0.0388,0.1449,0.15,75,0.1608,0,False,-31,False,-31,False
0.0388,0.1449,0.15,75,0.1608,30,False,-31,False,-31,False
0.0388,0.1449,0.15,75,0.1608,60,False,-31,False,-31,False
0.0388,0.1449,0.15,75,0.1608,90,False,-31,False,-31,False
0.0388,0.1449,0.15,75,0.2108,0,False,-31,False,-31,False
0.0388,0.1449,0.15,75,0.2108,30,False,-31,False,-31,False
0.0388,0.1449,0.15,75,0.2108,60,False,-31,False,-31,False
0.0388,0.1449,0.15,75,0.2108,90,False,-31,False,-31,False
0.0388,0.1449,0.15,75,0.2608,0,False,-31,False,-31,False
0.0388,0.1449,0.15,75,0.2608,30,False,-31,False,-31,False
0.0388,0.1449,0.15,75,0.2608,60,False,-31,False,-31,False
0.0388,0.1449,0.15,75,0.2608,90,False,-31,False,-31,False
0.0388,0.1449,0.15,75,0.31,0,False,-31,False,-31,False
0.0388,0.1449,0.15,75,0.31,30,False,-31,False,-31,False
0.0388,0.1449,0.15,75,0.31,60,False,-31,False,-31,False
0.0388,0.1449,0.15,75,0.31,90,False,-31,False,-31,False
0.0,0.15,0.15,90,0.1608,0,False,-31,False,-31,False
0.0,0.15,0.15,90,0.1608,30,False,-31,False,-31,False
0.0,0.15,0.15,90,0.1608,60,False,-31,False,-31,False
0.0,0.15,0.15,90,0.1608,90,False,-31,False,-31,False
0.0,0.15,0.15,90,0.2108,0,False,-31,False,-31,False
0.0,0.15,0.15,90,0.2108,30,False,-31,False,-31,False
0.0,0.15,0.15,90,0.2108,60,False,-31,False,-31,False
0.0,0.15,0.15,90,0.2108,90,False,-31,False,-31,False
0.0,0.15,0.15,90,0.2608,0,False,-31,False,-31,False
0.0,0.15,0.15,90,0.2608,30,False,-31,False,-31,False
0.0,0.15,0.15,90,0.2608,60,False,-31,False,-31,False
0.0,0.15,0.15,90,0.2608,90,False,-31,False,-31,False
0.0,0.15,0.15,90,0.31,0,False,-31,False,-31,False
0.0,0.15,0.15,90,0.31,30,False,-31,False,-31,False
0.0,0.15,0.15,90,0.31,60,False,-31,False,-31,False
0.0,0.15,0.15,90,0.31,90,False,-31,False,-31,False
-0.0388,0.1449,0.15,105,0.1608,0,False,-31,False,-31,False
-0.0388,0.1449,0.15,105,0.1608,30,False,-31,False,-31,False
-0.0388,0.1449,0.15,105,0.1608,60,False,-31,False,-31,False
-0.0388,0.1449,0.15,105,0.1608,90,False,-31,False,-31,False
-0.0388,0.1449,0.15,105,0.2108,0,False,-31,False,-31,False
-0.0388,0.1449,0.15,105,0.2108,30,False,-31,False,-31,False
-0.0388,0.1449,0.15,105,0.2108,60,False,-31,False,-31,False
-0.0388,0.1449,0.15,105,0.2108,90,False,-31,False,-31,False
-0.0388,0.1449,0.15,105,0.2608,0,False,-31,False,-31,False
-0.0388,0.1449,0.15,105,0.2608,30,False,-31,False,-31,False
-0.0388,0.1449,0.15,105,0.2608,60,False,-31,False,-31,False
-0.0388,0.1449,0.15,105,0.2608,90,False,-31,False,-31,False
-0.0388,0.1449,0.15,105,0.31,0,False,-31,False,-31,False
-0.0388,0.1449,0.15,105,0.31,30,False,-31,False,-31,False
-0.0388,0.1449,0.15,105,0.31,60,False,-31,False,-31,False
-0.0388,0.1449,0.15,105,0.31,90,False,-31,False,-31,False
-0.075,0.1299,0.15,120,0.1608,0,False,-31,False,-31,False
-0.075,0.1299,0.15,120,0.1608,30,False,-31,False,-31,False
-0.075,0.1299,0.15,120,0.1608,60,False,-31,False,-31,False
-0.075,0.1299,0.15,120,0.1608,90,False,-31,False,-31,False
-0.075,0.1299,0.15,120,0.2108,0,False,-31,False,-31,False
-0.075,0.1299,0.15,120,0.2108,30,False,-31,False,-31,False
-0.075,0.1299,0.15,120,0.2108,60,False,-31,False,-31,False
-0.075,0.1299,0.15,120,0.2108,90,False,-31,False,-31,False
-0.075,0.1299,0.15,120,0.2608,0,False,-31,False,-31,False
-0.075,0.1299,0.15,120,0.2608,30,False,-31,False,-31,False
-0.075,0.1299,0.15,120,0.2608,60,False,-31,False,-31,False
-0.075,0.1299,0.15,120,0.2608,90,False,-31,False,-31,False
-0.075,0.1299,0.15,120,0.31,0,False,-31,False,-31,False
-0.075,0.1299,0.15,120,0.31,30,False,-31,False,-31,False
-0.075,0.1299,0.15,120,0.31,60,False,-31,False,-31,False
-0.075,0.1299,0.15,120,0.31,90,False,-31,False,-31,False
-0.1061,0.1061,0.15,135,0.1608,0,False,-31,False,-31,False
-0.1061,0.1061,0.15,135,0.1608,30,False,-31,False,-31,False
-0.1061,0.1061,0.15,135,0.1608,60,False,-31,False,-31,False
-0.1061,0.1061,0.15,135,0.1608,90,False,-31,False,-31,False
-0.1061,0.1061,0.15,135,0.2108,0,False,-31,False,-31,False
-0.1061,0.1061,0.15,135,0.2108,30,False,-31,False,-31,False
-0.1061,0.1061,0.15,135,0.2108,60,False,-31,False,-31,False
-0.1061,0.1061,0.15,135,0.2108,90,False,-31,False,-31,False
-0.1061,0.1061,0.15,135,0.2608,0,False,-31,False,-31,False
-0.1061,0.1061,0.15,135,0.2608,30,False,-31,False,-31,False
-0.1061,0.1061,0.15,135,0.2608,60,False,-31,False,-31,False
-0.1061,0.1061,0.15,135,0.2608,90,False,-31,False,-31,False
-0.1061,0.1061,0.15,135,0.31,0,False,-31,False,-31,False
-0.1061,0.1061,0.15,135,0.31,30,False,-31,False,-31,False
-0.1061,0.1061,0.15,135,0.31,60,False,-31,False,-31,False
-0.1061,0.1061,0.15,135,0.31,90,False,-31,False,-31,False
-0.1299,0.075,0.15,150,0.1608,0,False,-31,False,-31,False
-0.1299,0.075,0.15,150,0.1608,30,False,-31,False,-31,False
-0.1299,0.075,0.15,150,0.1608,60,False,-31,False,-31,False
-0.1299,0.075,0.15,150,0.1608,90,False,-31,False,-31,False
-0.1299,0.075,0.15,150,0.2108,0,False,-31,False,-31,False
-0.1299,0.075,0.15,150,0.2108,30,False,-31,False,-31,False
-0.1299,0.075,0.15,150,0.2108,60,False,-31,False,-31,False
-0.1299,0.075,0.15,150,0.2108,90,False,-31,False,-31,False
-0.1299,0.075,0.15,150,0.2608,0,False,-31,False,-31,False
-0.1299,0.075,0.15,150,0.2608,30,False,-31,False,-31,False
-0.1299,0.075,0.15,150,0.2608,60,False,-31,False,-31,False
-0.1299,0.075,0.15,150,0.2608,90,False,-31,False,-31,False
-0.1299,0.075,0.15,150,0.31,0,False,-31,False,-31,False
-0.1299,0.075,0.15,150,0.31,30,False,-31,False,-31,False
-0.1299,0.075,0.15,150,0.31,60,False,-31,False,-31,False
-0.1299,0.075,0.15,150,0.31,90,False,-31,False,-31,False
-0.1449,0.0388,0.15,165,0.1608,0,False,-31,False,-31,False
-0.1449,0.0388,0.15,165,0.1608,30,False,-31,False,-31,False
-0.1449,0.0388,0.15,165,0.1608,60,False,-31,False,-31,False
-0.1449,0.0388,0.15,165,0.1608,90,False,-31,False,-31,False
-0.1449,0.0388,0.15,165,0.2108,0,False,-31,False,-31,False
-0.1449,0.0388,0.15,165,0.2108,30,False,-31,False,-31,False
-0.1449,0.0388,0.15,165,0.2108,60,False,-31,False,-31,False
-0.1449,0.0388,0.15,165,0.2108,90,False,-31,False,-31,False
-0.1449,0.0388,0.15,165,0.2608,0,False,-31,False,-31,False
-0.1449,0.0388,0.15,165,0.2608,30,False,-31,False,-31,False
-0.1449,0.0388,0.15,165,0.2608,60,False,-31,False,-31,False
-0.1449,0.0388,0.15,165,0.2608,90,False,-31,False,-31,False
-0.1449,0.0388,0.15,165,0.31,0,False,-31,False,-31,False
-0.1449,0.0388,0.15,165,0.31,30,False,-31,False,-31,False
-0.1449,0.0388,0.15,165,0.31,60,False,-31,False,-31,False
-0.1449,0.0388,0.15,165,0.31,90,False,-31,False,-31,False
-0.2,-0.0,0.2,-180,0.1608,0,False,-31,False,-31,False
-0.2,-0.0,0.2,-180,0.1608,30,False,-31,False,-31,False
-0.2,-0.0,0.2,-180,0.1608,60,False,-31,False,-31,False
-0.2,-0.0,0.2,-180,0.1608,90,False,-31,False,-31,False
-0.2,-0.0,0.2,-180,0.2108,0,False,-31,False,-31,False
-0.2,-0.0,0.2,-180,0.2108,30,False,-31,False,-31,False
-0.2,-0.0,0.2,-180,0.2108,60,False,-31,False,-31,False
-0.2,-0.0,0.2,-180,0.2108,90,False,-31,False,-31,False
-0.2,-0.0,0.2,-180,0.2608,0,False,-31,False,-31,False
-0.2,-0.0,0.2,-180,0.2608,30,False,-31,False,-31,False
-0.2,-0.0,0.2,-180,0.2608,60,False,-31,False,-31,False
-0.2,-0.0,0.2,-180,0.2608,90,False,-31,False,-31,False
-0.2,-0.0,0.2,-180,0.31,0,True,1,False,-31,True
-0.2,-0.0,0.2,-180,0.31,30,True,1,False,-31,True
-0.2,-0.0,0.2,-180,0.31,60,True,1,False,-31,True
-0.2,-0.0,0.2,-180,0.31,90,True,1,False,-31,True
-0.1932,-0.0518,0.2,-165,0.1608,0,False,-31,False,-31,False
-0.1932,-0.0518,0.2,-165,0.1608,30,False,-31,False,-31,False
-0.1932,-0.0518,0.2,-165,0.1608,60,False,-31,False,-31,False
-0.1932,-0.0518,0.2,-165,0.1608,90,False,-31,False,-31,False
-0.1932,-0.0518,0.2,-165,0.2108,0,False,-31,False,-31,False
-0.1932,-0.0518,0.2,-165,0.2108,30,False,-31,False,-31,False
-0.1932,-0.0518,0.2,-165,0.2108,60,False,-31,False,-31,False
-0.1932,-0.0518,0.2,-165,0.2108,90,False,-31,False,-31,False
-0.1932,-0.0518,0.2,-165,0.2608,0,False,-31,False,-31,False
-0.1932,-0.0518,0.2,-165,0.2608,30,False,-31,False,-31,False
-0.1932,-0.0518,0.2,-165,0.2608,60,False,-31,False,-31,False
-0.1932,-0.0518,0.2,-165,0.2608,90,False,-31,False,-31,False
-0.1932,-0.0518,0.2,-165,0.31,0,True,1,False,-31,True
-0.1932,-0.0518,0.2,-165,0.31,30,True,1,False,-31,True
-0.1932,-0.0518,0.2,-165,0.31,60,True,1,False,-31,True
-0.1932,-0.0518,0.2,-165,0.31,90,True,1,False,-31,True
-0.1732,-0.1,0.2,-150,0.1608,0,False,-31,False,-31,False
-0.1732,-0.1,0.2,-150,0.1608,30,False,-31,False,-31,False
-0.1732,-0.1,0.2,-150,0.1608,60,False,-31,False,-31,False
-0.1732,-0.1,0.2,-150,0.1608,90,False,-31,False,-31,False
-0.1732,-0.1,0.2,-150,0.2108,0,False,-31,False,-31,False
-0.1732,-0.1,0.2,-150,0.2108,30,False,-31,False,-31,False
-0.1732,-0.1,0.2,-150,0.2108,60,False,-31,False,-31,False
-0.1732,-0.1,0.2,-150,0.2108,90,False,-31,False,-31,False
-0.1732,-0.1,0.2,-150,0.2608,0,False,-31,False,-31,False
-0.1732,-0.1,0.2,-150,0.2608,30,False,-31,False,-31,False
-0.1732,-0.1,0.2,-150,0.2608,60,False,-31,False,-31,False
-0.1732,-0.1,0.2,-150,0.2608,90,False,-31,False,-31,False
-0.1732,-0.1,0.2,-150,0.31,0,True,1,False,-31,True
-0.1732,-0.1,0.2,-150,0.31,30,True,1,False,-31,True
-0.1732,-0.1,0.2,-150,0.31,60,True,1,False,-31,True
-0.1732,-0.1,0.2,-150,0.31,90,True,1,False,-31,True
-0.1414,-0.1414,0.2,-135,0.1608,0,False,-31,False,-31,False
-0.1414,-0.1414,0.2,-135,0.1608,30,False,-31,False,-31,False
-0.1414,-0.1414,0.2,-135,0.1608,60,False,-31,False,-31,False
-0.1414,-0.1414,0.2,-135,0.1608,90,False,-31,False,-31,False
-0.1414,-0.1414,0.2,-135,0.2108,0,False,-31,False,-31,False
-0.1414,-0.1414,0.2,-135,0.2108,30,False,-31,False,-31,False
-0.1414,-0.1414,0.2,-135,0.2108,60,False,-31,False,-31,False
-0.1414,-0.1414,0.2,-135,0.2108,90,False,-31,False,-31,False
-0.1414,-0.1414,0.2,-135,0.2608,0,False,-31,False,-31,False
-0.1414,-0.1414,0.2,-135,0.2608,30,False,-31,False,-31,False
-0.1414,-0.1414,0.2,-135,0.2608,60,False,-31,False,-31,False
-0.1414,-0.1414,0.2,-135,0.2608,90,False,-31,False,-31,False
-0.1414,-0.1414,0.2,-135,0.31,0,True,1,False,-31,True
-0.1414,-0.1414,0.2,-135,0.31,30,True,1,False,-31,True
-0.1414,-0.1414,0.2,-135,0.31,60,True,1,False,-31,True
-0.1414,-0.1414,0.2,-135,0.31,90,True,1,False,-31,True
-0.1,-0.1732,0.2,-120,0.1608,0,False,-31,False,-31,False
-0.1,-0.1732,0.2,-120,0.1608,30,False,-31,False,-31,False
-0.1,-0.1732,0.2,-120,0.1608,60,False,-31,False,-31,False
-0.1,-0.1732,0.2,-120,0.1608,90,False,-31,False,-31,False
-0.1,-0.1732,0.2,-120,0.2108,0,False,-31,False,-31,False
-0.1,-0.1732,0.2,-120,0.2108,30,False,-31,False,-31,False
-0.1,-0.1732,0.2,-120,0.2108,60,False,-31,False,-31,False
-0.1,-0.1732,0.2,-120,0.2108,90,False,-31,False,-31,False
-0.1,-0.1732,0.2,-120,0.2608,0,False,-31,False,-31,False
-0.1,-0.1732,0.2,-120,0.2608,30,False,-31,False,-31,False
-0.1,-0.1732,0.2,-120,0.2608,60,False,-31,False,-31,False
-0.1,-0.1732,0.2,-120,0.2608,90,False,-31,False,-31,False
-0.1,-0.1732,0.2,-120,0.31,0,True,1,False,-31,True
-0.1,-0.1732,0.2,-120,0.31,30,True,1,False,-31,True
-0.1,-0.1732,0.2,-120,0.31,60,True,1,False,-31,True
-0.1,-0.1732,0.2,-120,0.31,90,True,1,False,-31,True
-0.0518,-0.1932,0.2,-105,0.1608,0,False,-31,False,-31,False
-0.0518,-0.1932,0.2,-105,0.1608,30,False,-31,False,-31,False
-0.0518,-0.1932,0.2,-105,0.1608,60,False,-31,False,-31,False
-0.0518,-0.1932,0.2,-105,0.1608,90,False,-31,False,-31,False
-0.0518,-0.1932,0.2,-105,0.2108,0,False,-31,False,-31,False
-0.0518,-0.1932,0.2,-105,0.2108,30,False,-31,False,-31,False
-0.0518,-0.1932,0.2,-105,0.2108,60,False,-31,False,-31,False
-0.0518,-0.1932,0.2,-105,0.2108,90,False,-31,False,-31,False
-0.0518,-0.1932,0.2,-105,0.2608,0,False,-31,False,-31,False
-0.0518,-0.1932,0.2,-105,0.2608,30,False,-31,False,-31,False
-0.0518,-0.1932,0.2,-105,0.2608,60,False,-31,False,-31,False
-0.0518,-0.1932,0.2,-105,0.2608,90,False,-31,False,-31,False
-0.0518,-0.1932,0.2,-105,0.31,0,True,1,False,-31,True
-0.0518,-0.1932,0.2,-105,0.31,30,True,1,False,-31,True
-0.0518,-0.1932,0.2,-105,0.31,60,True,1,False,-31,True
-0.0518,-0.1932,0.2,-105,0.31,90,True,1,False,-31,True
0.0,-0.2,0.2,-90,0.1608,0,False,-31,False,-31,False
0.0,-0.2,0.2,-90,0.1608,30,False,-31,False,-31,False
0.0,-0.2,0.2,-90,0.1608,60,False,-31,False,-31,False
0.0,-0.2,0.2,-90,0.1608,90,False,-31,False,-31,False
0.0,-0.2,0.2,-90,0.2108,0,False,-31,False,-31,False
0.0,-0.2,0.2,-90,0.2108,30,False,-31,False,-31,False
0.0,-0.2,0.2,-90,0.2108,60,False,-31,False,-31,False
0.0,-0.2,0.2,-90,0.2108,90,False,-31,False,-31,False
0.0,-0.2,0.2,-90,0.2608,0,False,-31,False,-31,False
0.0,-0.2,0.2,-90,0.2608,30,False,-31,False,-31,False
0.0,-0.2,0.2,-90,0.2608,60,False,-31,False,-31,False
0.0,-0.2,0.2,-90,0.2608,90,False,-31,False,-31,False
0.0,-0.2,0.2,-90,0.31,0,True,1,False,-31,True
0.0,-0.2,0.2,-90,0.31,30,True,1,False,-31,True
0.0,-0.2,0.2,-90,0.31,60,True,1,False,-31,True
0.0,-0.2,0.2,-90,0.31,90,True,1,False,-31,True
0.0518,-0.1932,0.2,-75,0.1608,0,False,-31,False,-31,False
0.0518,-0.1932,0.2,-75,0.1608,30,False,-31,False,-31,False
0.0518,-0.1932,0.2,-75,0.1608,60,False,-31,False,-31,False
0.0518,-0.1932,0.2,-75,0.1608,90,False,-31,False,-31,False
0.0518,-0.1932,0.2,-75,0.2108,0,False,-31,False,-31,False
0.0518,-0.1932,0.2,-75,0.2108,30,False,-31,False,-31,False
0.0518,-0.1932,0.2,-75,0.2108,60,False,-31,False,-31,False
0.0518,-0.1932,0.2,-75,0.2108,90,False,-31,False,-31,False
0.0518,-0.1932,0.2,-75,0.2608,0,False,-31,False,-31,False
0.0518,-0.1932,0.2,-75,0.2608,30,False,-31,False,-31,False
0.0518,-0.1932,0.2,-75,0.2608,60,False,-31,False,-31,False
0.0518,-0.1932,0.2,-75,0.2608,90,False,-31,False,-31,False
0.0518,-0.1932,0.2,-75,0.31,0,True,1,False,-31,True
0.0518,-0.1932,0.2,-75,0.31,30,True,1,False,-31,True
0.0518,-0.1932,0.2,-75,0.31,60,True,1,False,-31,True
0.0518,-0.1932,0.2,-75,0.31,90,True,1,False,-31,True
0.1,-0.1732,0.2,-60,0.1608,0,False,-31,False,-31,False
0.1,-0.1732,0.2,-60,0.1608,30,False,-31,False,-31,False
0.1,-0.1732,0.2,-60,0.1608,60,False,-31,False,-31,False
0.1,-0.1732,0.2,-60,0.1608,90,False,-31,False,-31,False
0.1,-0.1732,0.2,-60,0.2108,0,False,-31,False,-31,False
0.1,-0.1732,0.2,-60,0.2108,30,False,-31,False,-31,False
0.1,-0.1732,0.2,-60,0.2108,60,False,-31,False,-31,False
0.1,-0.1732,0.2,-60,0.2108,90,False,-31,False,-31,False
0.1,-0.1732,0.2,-60,0.2608,0,False,-31,False,-31,False
0.1,-0.1732,0.2,-60,0.2608,30,False,-31,False,-31,False
0.1,-0.1732,0.2,-60,0.2608,60,False,-31,False,-31,False
0.1,-0.1732,0.2,-60,0.2608,90,False,-31,False,-31,False
0.1,-0.1732,0.2,-60,0.31,0,True,1,False,-31,True
0.1,-0.1732,0.2,-60,0.31,30,True,1,False,-31,True
0.1,-0.1732,0.2,-60,0.31,60,True,1,False,-31,True
0.1,-0.1732,0.2,-60,0.31,90,True,1,False,-31,True
0.1414,-0.1414,0.2,-45,0.1608,0,False,-31,False,-31,False
0.1414,-0.1414,0.2,-45,0.1608,30,False,-31,False,-31,False
0.1414,-0.1414,0.2,-45,0.1608,60,False,-31,False,-31,False
0.1414,-0.1414,0.2,-45,0.1608,90,False,-31,False,-31,False
0.1414,-0.1414,0.2,-45,0.2108,0,False,-31,False,-31,False
0.1414,-0.1414,0.2,-45,0.2108,30,False,-31,False,-31,False
0.1414,-0.1414,0.2,-45,0.2108,60,False,-31,False,-31,False
0.1414,-0.1414,0.2,-45,0.2108,90,False,-31,False,-31,False
0.1414,-0.1414,0.2,-45,0.2608,0,False,-31,False,-31,False
0.1414,-0.1414,0.2,-45,0.2608,30,False,-31,False,-31,False
0.1414,-0.1414,0.2,-45,0.2608,60,False,-31,False,-31,False
0.1414,-0.1414,0.2,-45,0.2608,90,False,-31,False,-31,False
0.1414,-0.1414,0.2,-45,0.31,0,True,1,False,-31,True
0.1414,-0.1414,0.2,-45,0.31,30,True,1,False,-31,True
0.1414,-0.1414,0.2,-45,0.31,60,True,1,False,-31,True
0.1414,-0.1414,0.2,-45,0.31,90,True,1,False,-31,True
0.1732,-0.1,0.2,-30,0.1608,0,False,-31,False,-31,False
0.1732,-0.1,0.2,-30,0.1608,30,False,-31,False,-31,False
0.1732,-0.1,0.2,-30,0.1608,60,False,-31,False,-31,False
0.1732,-0.1,0.2,-30,0.1608,90,False,-31,False,-31,False
0.1732,-0.1,0.2,-30,0.2108,0,False,-31,False,-31,False
0.1732,-0.1,0.2,-30,0.2108,30,False,-31,False,-31,False
0.1732,-0.1,0.2,-30,0.2108,60,False,-31,False,-31,False
0.1732,-0.1,0.2,-30,0.2108,90,False,-31,False,-31,False
0.1732,-0.1,0.2,-30,0.2608,0,False,-31,False,-31,False
0.1732,-0.1,0.2,-30,0.2608,30,False,-31,False,-31,False
0.1732,-0.1,0.2,-30,0.2608,60,False,-31,False,-31,False
0.1732,-0.1,0.2,-30,0.2608,90,False,-31,False,-31,False
0.1732,-0.1,0.2,-30,0.31,0,True,1,False,-31,True
0.1732,-0.1,0.2,-30,0.31,30,True,1,False,-31,True
0.1732,-0.1,0.2,-30,0.31,60,True,1,False,-31,True
0.1732,-0.1,0.2,-30,0.31,90,True,1,False,-31,True
0.1932,-0.0518,0.2,-15,0.1608,0,False,-31,False,-31,False
0.1932,-0.0518,0.2,-15,0.1608,30,False,-31,False,-31,False
0.1932,-0.0518,0.2,-15,0.1608,60,False,-31,False,-31,False
0.1932,-0.0518,0.2,-15,0.1608,90,False,-31,False,-31,False
0.1932,-0.0518,0.2,-15,0.2108,0,False,-31,False,-31,False
0.1932,-0.0518,0.2,-15,0.2108,30,False,-31,False,-31,False
0.1932,-0.0518,0.2,-15,0.2108,60,False,-31,False,-31,False
0.1932,-0.0518,0.2,-15,0.2108,90,False,-31,False,-31,False
0.1932,-0.0518,0.2,-15,0.2608,0,False,-31,False,-31,False
0.1932,-0.0518,0.2,-15,0.2608,30,False,-31,False,-31,False
0.1932,-0.0518,0.2,-15,0.2608,60,False,-31,False,-31,False
0.1932,-0.0518,0.2,-15,0.2608,90,False,-31,False,-31,False
0.1932,-0.0518,0.2,-15,0.31,0,True,1,False,-31,True
0.1932,-0.0518,0.2,-15,0.31,30,True,1,False,-31,True
0.1932,-0.0518,0.2,-15,0.31,60,True,1,False,-31,True
0.1932,-0.0518,0.2,-15,0.31,90,True,1,False,-31,True
0.2,0.0,0.2,0,0.1608,0,False,-31,False,-31,False
0.2,0.0,0.2,0,0.1608,30,False,-31,False,-31,False
0.2,0.0,0.2,0,0.1608,60,False,-31,False,-31,False
0.2,0.0,0.2,0,0.1608,90,False,-31,False,-31,False
0.2,0.0,0.2,0,0.2108,0,False,-31,False,-31,False
0.2,0.0,0.2,0,0.2108,30,False,-31,False,-31,False
0.2,0.0,0.2,0,0.2108,60,False,-31,False,-31,False
0.2,0.0,0.2,0,0.2108,90,False,-31,False,-31,False
0.2,0.0,0.2,0,0.2608,0,False,-31,False,-31,False
0.2,0.0,0.2,0,0.2608,30,False,-31,False,-31,False
0.2,0.0,0.2,0,0.2608,60,False,-31,False,-31,False
0.2,0.0,0.2,0,0.2608,90,False,-31,False,-31,False
0.2,0.0,0.2,0,0.31,0,True,1,False,-31,True
0.2,0.0,0.2,0,0.31,30,True,1,False,-31,True
0.2,0.0,0.2,0,0.31,60,True,1,False,-31,True
0.2,0.0,0.2,0,0.31,90,True,1,False,-31,True
0.1932,0.0518,0.2,15,0.1608,0,False,-31,False,-31,False
0.1932,0.0518,0.2,15,0.1608,30,False,-31,False,-31,False
0.1932,0.0518,0.2,15,0.1608,60,False,-31,False,-31,False
0.1932,0.0518,0.2,15,0.1608,90,False,-31,False,-31,False
0.1932,0.0518,0.2,15,0.2108,0,False,-31,False,-31,False
0.1932,0.0518,0.2,15,0.2108,30,False,-31,False,-31,False
0.1932,0.0518,0.2,15,0.2108,60,False,-31,False,-31,False
0.1932,0.0518,0.2,15,0.2108,90,False,-31,False,-31,False
0.1932,0.0518,0.2,15,0.2608,0,False,-31,False,-31,False
0.1932,0.0518,0.2,15,0.2608,30,False,-31,False,-31,False
0.1932,0.0518,0.2,15,0.2608,60,False,-31,False,-31,False
0.1932,0.0518,0.2,15,0.2608,90,False,-31,False,-31,False
0.1932,0.0518,0.2,15,0.31,0,True,1,False,-31,True
0.1932,0.0518,0.2,15,0.31,30,True,1,False,-31,True
0.1932,0.0518,0.2,15,0.31,60,True,1,False,-31,True
0.1932,0.0518,0.2,15,0.31,90,True,1,False,-31,True
0.1732,0.1,0.2,30,0.1608,0,False,-31,False,-31,False
0.1732,0.1,0.2,30,0.1608,30,False,-31,False,-31,False
0.1732,0.1,0.2,30,0.1608,60,False,-31,False,-31,False
0.1732,0.1,0.2,30,0.1608,90,False,-31,False,-31,False
0.1732,0.1,0.2,30,0.2108,0,False,-31,False,-31,False
0.1732,0.1,0.2,30,0.2108,30,False,-31,False,-31,False
0.1732,0.1,0.2,30,0.2108,60,False,-31,False,-31,False
0.1732,0.1,0.2,30,0.2108,90,False,-31,False,-31,False
0.1732,0.1,0.2,30,0.2608,0,False,-31,False,-31,False
0.1732,0.1,0.2,30,0.2608,30,False,-31,False,-31,False
0.1732,0.1,0.2,30,0.2608,60,False,-31,False,-31,False
0.1732,0.1,0.2,30,0.2608,90,False,-31,False,-31,False
0.1732,0.1,0.2,30,0.31,0,True,1,False,-31,True
0.1732,0.1,0.2,30,0.31,30,True,1,False,-31,True
0.1732,0.1,0.2,30,0.31,60,True,1,False,-31,True
0.1732,0.1,0.2,30,0.31,90,True,1,False,-31,True
0.1414,0.1414,0.2,45,0.1608,0,False,-31,False,-31,False
0.1414,0.1414,0.2,45,0.1608,30,False,-31,False,-31,False
0.1414,0.1414,0.2,45,0.1608,60,False,-31,False,-31,False
0.1414,0.1414,0.2,45,0.1608,90,False,-31,False,-31,False
0.1414,0.1414,0.2,45,0.2108,0,False,-31,False,-31,False
0.1414,0.1414,0.2,45,0.2108,30,False,-31,False,-31,False
0.1414,0.1414,0.2,45,0.2108,60,False,-31,False,-31,False
0.1414,0.1414,0.2,45,0.2108,90,False,-31,False,-31,False
0.1414,0.1414,0.2,45,0.2608,0,False,-31,False,-31,False
0.1414,0.1414,0.2,45,0.2608,30,False,-31,False,-31,False
0.1414,0.1414,0.2,45,0.2608,60,False,-31,False,-31,False
0.1414,0.1414,0.2,45,0.2608,90,False,-31,False,-31,False
0.1414,0.1414,0.2,45,0.31,0,True,1,False,-31,True
0.1414,0.1414,0.2,45,0.31,30,True,1,False,-31,True
0.1414,0.1414,0.2,45,0.31,60,True,1,False,-31,True
0.1414,0.1414,0.2,45,0.31,90,True,1,False,-31,True
0.1,0.1732,0.2,60,0.1608,0,False,-31,False,-31,False
0.1,0.1732,0.2,60,0.1608,30,False,-31,False,-31,False
0.1,0.1732,0.2,60,0.1608,60,False,-31,False,-31,False
0.1,0.1732,0.2,60,0.1608,90,False,-31,False,-31,False
0.1,0.1732,0.2,60,0.2108,0,False,-31,False,-31,False
0.1,0.1732,0.2,60,0.2108,30,False,-31,False,-31,False
0.1,0.1732,0.2,60,0.2108,60,False,-31,False,-31,False
0.1,0.1732,0.2,60,0.2108,90,False,-31,False,-31,False
0.1,0.1732,0.2,60,0.2608,0,False,-31,False,-31,False
0.1,0.1732,0.2,60,0.2608,30,False,-31,False,-31,False
0.1,0.1732,0.2,60,0.2608,60,False,-31,False,-31,False
0.1,0.1732,0.2,60,0.2608,90,False,-31,False,-31,False
0.1,0.1732,0.2,60,0.31,0,True,1,False,-31,True
0.1,0.1732,0.2,60,0.31,30,True,1,False,-31,True
0.1,0.1732,0.2,60,0.31,60,True,1,False,-31,True
0.1,0.1732,0.2,60,0.31,90,True,1,False,-31,True
0.0518,0.1932,0.2,75,0.1608,0,False,-31,False,-31,False
0.0518,0.1932,0.2,75,0.1608,30,False,-31,False,-31,False
0.0518,0.1932,0.2,75,0.1608,60,False,-31,False,-31,False
0.0518,0.1932,0.2,75,0.1608,90,False,-31,False,-31,False
0.0518,0.1932,0.2,75,0.2108,0,False,-31,False,-31,False
0.0518,0.1932,0.2,75,0.2108,30,False,-31,False,-31,False
0.0518,0.1932,0.2,75,0.2108,60,False,-31,False,-31,False
0.0518,0.1932,0.2,75,0.2108,90,False,-31,False,-31,False
0.0518,0.1932,0.2,75,0.2608,0,False,-31,False,-31,False
0.0518,0.1932,0.2,75,0.2608,30,False,-31,False,-31,False
0.0518,0.1932,0.2,75,0.2608,60,False,-31,False,-31,False
0.0518,0.1932,0.2,75,0.2608,90,False,-31,False,-31,False
0.0518,0.1932,0.2,75,0.31,0,True,1,False,-31,True
0.0518,0.1932,0.2,75,0.31,30,True,1,False,-31,True
0.0518,0.1932,0.2,75,0.31,60,True,1,False,-31,True
0.0518,0.1932,0.2,75,0.31,90,True,1,False,-31,True
0.0,0.2,0.2,90,0.1608,0,False,-31,False,-31,False
0.0,0.2,0.2,90,0.1608,30,False,-31,False,-31,False
0.0,0.2,0.2,90,0.1608,60,False,-31,False,-31,False
0.0,0.2,0.2,90,0.1608,90,False,-31,False,-31,False
0.0,0.2,0.2,90,0.2108,0,False,-31,False,-31,False
0.0,0.2,0.2,90,0.2108,30,False,-31,False,-31,False
0.0,0.2,0.2,90,0.2108,60,False,-31,False,-31,False
0.0,0.2,0.2,90,0.2108,90,False,-31,False,-31,False
0.0,0.2,0.2,90,0.2608,0,False,-31,False,-31,False
0.0,0.2,0.2,90,0.2608,30,False,-31,False,-31,False
0.0,0.2,0.2,90,0.2608,60,False,-31,False,-31,False
0.0,0.2,0.2,90,0.2608,90,False,-31,False,-31,False
0.0,0.2,0.2,90,0.31,0,True,1,False,-31,True
0.0,0.2,0.2,90,0.31,30,True,1,False,-31,True
0.0,0.2,0.2,90,0.31,60,True,1,False,-31,True
0.0,0.2,0.2,90,0.31,90,True,1,False,-31,True
-0.0518,0.1932,0.2,105,0.1608,0,False,-31,False,-31,False
-0.0518,0.1932,0.2,105,0.1608,30,False,-31,False,-31,False
-0.0518,0.1932,0.2,105,0.1608,60,False,-31,False,-31,False
-0.0518,0.1932,0.2,105,0.1608,90,False,-31,False,-31,False
-0.0518,0.1932,0.2,105,0.2108,0,False,-31,False,-31,False
-0.0518,0.1932,0.2,105,0.2108,30,False,-31,False,-31,False
-0.0518,0.1932,0.2,105,0.2108,60,False,-31,False,-31,False
-0.0518,0.1932,0.2,105,0.2108,90,False,-31,False,-31,False
-0.0518,0.1932,0.2,105,0.2608,0,False,-31,False,-31,False
-0.0518,0.1932,0.2,105,0.2608,30,False,-31,False,-31,False
-0.0518,0.1932,0.2,105,0.2608,60,False,-31,False,-31,False
-0.0518,0.1932,0.2,105,0.2608,90,False,-31,False,-31,False
-0.0518,0.1932,0.2,105,0.31,0,True,1,False,-31,True
-0.0518,0.1932,0.2,105,0.31,30,True,1,False,-31,True
-0.0518,0.1932,0.2,105,0.31,60,True,1,False,-31,True
-0.0518,0.1932,0.2,105,0.31,90,True,1,False,-31,True
-0.1,0.1732,0.2,120,0.1608,0,False,-31,False,-31,False
-0.1,0.1732,0.2,120,0.1608,30,False,-31,False,-31,False
-0.1,0.1732,0.2,120,0.1608,60,False,-31,False,-31,False
-0.1,0.1732,0.2,120,0.1608,90,False,-31,False,-31,False
-0.1,0.1732,0.2,120,0.2108,0,False,-31,False,-31,False
-0.1,0.1732,0.2,120,0.2108,30,False,-31,False,-31,False
-0.1,0.1732,0.2,120,0.2108,60,False,-31,False,-31,False
-0.1,0.1732,0.2,120,0.2108,90,False,-31,False,-31,False
-0.1,0.1732,0.2,120,0.2608,0,False,-31,False,-31,False
-0.1,0.1732,0.2,120,0.2608,30,False,-31,False,-31,False
-0.1,0.1732,0.2,120,0.2608,60,False,-31,False,-31,False
-0.1,0.1732,0.2,120,0.2608,90,False,-31,False,-31,False
-0.1,0.1732,0.2,120,0.31,0,True,1,False,-31,True
-0.1,0.1732,0.2,120,0.31,30,True,1,False,-31,True
-0.1,0.1732,0.2,120,0.31,60,True,1,False,-31,True
-0.1,0.1732,0.2,120,0.31,90,True,1,False,-31,True
-0.1414,0.1414,0.2,135,0.1608,0,False,-31,False,-31,False
-0.1414,0.1414,0.2,135,0.1608,30,False,-31,False,-31,False
-0.1414,0.1414,0.2,135,0.1608,60,False,-31,False,-31,False
-0.1414,0.1414,0.2,135,0.1608,90,False,-31,False,-31,False
-0.1414,0.1414,0.2,135,0.2108,0,False,-31,False,-31,False
-0.1414,0.1414,0.2,135,0.2108,30,False,-31,False,-31,False
-0.1414,0.1414,0.2,135,0.2108,60,False,-31,False,-31,False
-0.1414,0.1414,0.2,135,0.2108,90,False,-31,False,-31,False
-0.1414,0.1414,0.2,135,0.2608,0,False,-31,False,-31,False
-0.1414,0.1414,0.2,135,0.2608,30,False,-31,False,-31,False
-0.1414,0.1414,0.2,135,0.2608,60,False,-31,False,-31,False
-0.1414,0.1414,0.2,135,0.2608,90,False,-31,False,-31,False
-0.1414,0.1414,0.2,135,0.31,0,True,1,False,-31,True
-0.1414,0.1414,0.2,135,0.31,30,True,1,False,-31,True
-0.1414,0.1414,0.2,135,0.31,60,True,1,False,-31,True
-0.1414,0.1414,0.2,135,0.31,90,True,1,False,-31,True
-0.1732,0.1,0.2,150,0.1608,0,False,-31,False,-31,False
-0.1732,0.1,0.2,150,0.1608,30,False,-31,False,-31,False
-0.1732,0.1,0.2,150,0.1608,60,False,-31,False,-31,False
-0.1732,0.1,0.2,150,0.1608,90,False,-31,False,-31,False
-0.1732,0.1,0.2,150,0.2108,0,False,-31,False,-31,False
-0.1732,0.1,0.2,150,0.2108,30,False,-31,False,-31,False
-0.1732,0.1,0.2,150,0.2108,60,False,-31,False,-31,False
-0.1732,0.1,0.2,150,0.2108,90,False,-31,False,-31,False
-0.1732,0.1,0.2,150,0.2608,0,False,-31,False,-31,False
-0.1732,0.1,0.2,150,0.2608,30,False,-31,False,-31,False
-0.1732,0.1,0.2,150,0.2608,60,False,-31,False,-31,False
-0.1732,0.1,0.2,150,0.2608,90,False,-31,False,-31,False
-0.1732,0.1,0.2,150,0.31,0,True,1,False,-31,True
-0.1732,0.1,0.2,150,0.31,30,True,1,False,-31,True
-0.1732,0.1,0.2,150,0.31,60,True,1,False,-31,True
-0.1732,0.1,0.2,150,0.31,90,True,1,False,-31,True
-0.1932,0.0518,0.2,165,0.1608,0,False,-31,False,-31,False
-0.1932,0.0518,0.2,165,0.1608,30,False,-31,False,-31,False
-0.1932,0.0518,0.2,165,0.1608,60,False,-31,False,-31,False
-0.1932,0.0518,0.2,165,0.1608,90,False,-31,False,-31,False
-0.1932,0.0518,0.2,165,0.2108,0,False,-31,False,-31,False
-0.1932,0.0518,0.2,165,0.2108,30,False,-31,False,-31,False
-0.1932,0.0518,0.2,165,0.2108,60,False,-31,False,-31,False
-0.1932,0.0518,0.2,165,0.2108,90,False,-31,False,-31,False
-0.1932,0.0518,0.2,165,0.2608,0,False,-31,False,-31,False
-0.1932,0.0518,0.2,165,0.2608,30,False,-31,False,-31,False
-0.1932,0.0518,0.2,165,0.2608,60,False,-31,False,-31,False
-0.1932,0.0518,0.2,165,0.2608,90,False,-31,False,-31,False
-0.1932,0.0518,0.2,165,0.31,0,True,1,False,-31,True
-0.1932,0.0518,0.2,165,0.31,30,True,1,False,-31,True
-0.1932,0.0518,0.2,165,0.31,60,True,1,False,-31,True
-0.1932,0.0518,0.2,165,0.31,90,True,1,False,-31,True
-0.25,-0.0,0.25,-180,0.1608,0,False,-31,False,-31,False
-0.25,-0.0,0.25,-180,0.1608,30,False,-31,False,-31,False
-0.25,-0.0,0.25,-180,0.1608,60,False,-31,False,-31,False
-0.25,-0.0,0.25,-180,0.1608,90,False,-31,False,-31,False
-0.25,-0.0,0.25,-180,0.2108,0,False,-31,False,-31,False
-0.25,-0.0,0.25,-180,0.2108,30,False,-31,False,-31,False
-0.25,-0.0,0.25,-180,0.2108,60,False,-31,False,-31,False
-0.25,-0.0,0.25,-180,0.2108,90,False,-31,False,-31,False
-0.25,-0.0,0.25,-180,0.2608,0,True,1,False,-31,True
-0.25,-0.0,0.25,-180,0.2608,30,True,1,False,-31,True
-0.25,-0.0,0.25,-180,0.2608,60,True,1,False,-31,True
-0.25,-0.0,0.25,-180,0.2608,90,True,1,False,-31,True
-0.25,-0.0,0.25,-180,0.31,0,True,1,False,-31,True
-0.25,-0.0,0.25,-180,0.31,30,True,1,True,1,False
-0.25,-0.0,0.25,-180,0.31,60,True,1,True,1,False
-0.25,-0.0,0.25,-180,0.31,90,True,1,True,1,False
-0.2415,-0.0647,0.25,-165,0.1608,0,False,-31,False,-31,False
-0.2415,-0.0647,0.25,-165,0.1608,30,False,-31,False,-31,False
-0.2415,-0.0647,0.25,-165,0.1608,60,False,-31,False,-31,False
-0.2415,-0.0647,0.25,-165,0.1608,90,False,-31,False,-31,False
-0.2415,-0.0647,0.25,-165,0.2108,0,False,-31,False,-31,False
-0.2415,-0.0647,0.25,-165,0.2108,30,False,-31,False,-31,False
-0.2415,-0.0647,0.25,-165,0.2108,60,False,-31,False,-31,False
-0.2415,-0.0647,0.25,-165,0.2108,90,False,-31,False,-31,False
-0.2415,-0.0647,0.25,-165,0.2608,0,True,1,False,-31,True
-0.2415,-0.0647,0.25,-165,0.2608,30,True,1,False,-31,True
-0.2415,-0.0647,0.25,-165,0.2608,60,True,1,False,-31,True
-0.2415,-0.0647,0.25,-165,0.2608,90,True,1,False,-31,True
-0.2415,-0.0647,0.25,-165,0.31,0,True,1,False,-31,True
-0.2415,-0.0647,0.25,-165,0.31,30,True,1,True,1,False
-0.2415,-0.0647,0.25,-165,0.31,60,True,1,True,1,False
-0.2415,-0.0647,0.25,-165,0.31,90,True,1,True,1,False
-0.2165,-0.125,0.25,-150,0.1608,0,False,-31,False,-31,False
-0.2165,-0.125,0.25,-150,0.1608,30,False,-31,False,-31,False
-0.2165,-0.125,0.25,-150,0.1608,60,False,-31,False,-31,False
-0.2165,-0.125,0.25,-150,0.1608,90,False,-31,False,-31,False
-0.2165,-0.125,0.25,-150,0.2108,0,False,-31,False,-31,False
-0.2165,-0.125,0.25,-150,0.2108,30,False,-31,False,-31,False
-0.2165,-0.125,0.25,-150,0.2108,60,False,-31,False,-31,False
-0.2165,-0.125,0.25,-150,0.2108,90,False,-31,False,-31,False
-0.2165,-0.125,0.25,-150,0.2608,0,True,1,False,-31,True
-0.2165,-0.125,0.25,-150,0.2608,30,True,1,False,-31,True
-0.2165,-0.125,0.25,-150,0.2608,60,True,1,False,-31,True
-0.2165,-0.125,0.25,-150,0.2608,90,True,1,False,-31,True
-0.2165,-0.125,0.25,-150,0.31,0,True,1,False,-31,True
-0.2165,-0.125,0.25,-150,0.31,30,True,1,True,1,False
-0.2165,-0.125,0.25,-150,0.31,60,True,1,True,1,False
-0.2165,-0.125,0.25,-150,0.31,90,True,1,True,1,False
-0.1768,-0.1768,0.25,-135,0.1608,0,False,-31,False,-31,False
-0.1768,-0.1768,0.25,-135,0.1608,30,False,-31,False,-31,False
-0.1768,-0.1768,0.25,-135,0.1608,60,False,-31,False,-31,False
-0.1768,-0.1768,0.25,-135,0.1608,90,False,-31,False,-31,False
-0.1768,-0.1768,0.25,-135,0.2108,0,False,-31,False,-31,False
-0.1768,-0.1768,0.25,-135,0.2108,30,False,-31,False,-31,False
-0.1768,-0.1768,0.25,-135,0.2108,60,False,-31,False,-31,False
-0.1768,-0.1768,0.25,-135,0.2108,90,False,-31,False,-31,False
-0.1768,-0.1768,0.25,-135,0.2608,0,True,1,False,-31,True
-0.1768,-0.1768,0.25,-135,0.2608,30,True,1,False,-31,True
-0.1768,-0.1768,0.25,-135,0.2608,60,True,1,False,-31,True
-0.1768,-0.1768,0.25,-135,0.2608,90,True,1,False,-31,True
-0.1768,-0.1768,0.25,-135,0.31,0,True,1,False,-31,True
-0.1768,-0.1768,0.25,-135,0.31,30,True,1,True,1,False
-0.1768,-0.1768,0.25,-135,0.31,60,True,1,True,1,False
-0.1768,-0.1768,0.25,-135,0.31,90,True,1,True,1,False
-0.125,-0.2165,0.25,-120,0.1608,0,False,-31,False,-31,False
-0.125,-0.2165,0.25,-120,0.1608,30,False,-31,False,-31,False
-0.125,-0.2165,0.25,-120,0.1608,60,False,-31,False,-31,False
-0.125,-0.2165,0.25,-120,0.1608,90,False,-31,False,-31,False
-0.125,-0.2165,0.25,-120,0.2108,0,False,-31,False,-31,False
-0.125,-0.2165,0.25,-120,0.2108,30,False,-31,False,-31,False
-0.125,-0.2165,0.25,-120,0.2108,60,False,-31,False,-31,False
-0.125,-0.2165,0.25,-120,0.2108,90,False,-31,False,-31,False
-0.125,-0.2165,0.25,-120,0.2608,0,True,1,False,-31,True
-0.125,-0.2165,0.25,-120,0.2608,30,True,1,False,-31,True
-0.125,-0.2165,0.25,-120,0.2608,60,True,1,False,-31,True
-0.125,-0.2165,0.25,-120,0.2608,90,True,1,False,-31,True
-0.125,-0.2165,0.25,-120,0.31,0,True,1,False,-31,True
-0.125,-0.2165,0.25,-120,0.31,30,True,1,True,1,False
-0.125,-0.2165,0.25,-120,0.31,60,True,1,True,1,False
-0.125,-0.2165,0.25,-120,0.31,90,True,1,True,1,False
-0.0647,-0.2415,0.25,-105,0.1608,0,False,-31,False,-31,False
-0.0647,-0.2415,0.25,-105,0.1608,30,False,-31,False,-31,False
-0.0647,-0.2415,0.25,-105,0.1608,60,False,-31,False,-31,False
-0.0647,-0.2415,0.25,-105,0.1608,90,False,-31,False,-31,False
-0.0647,-0.2415,0.25,-105,0.2108,0,False,-31,False,-31,False
-0.0647,-0.2415,0.25,-105,0.2108,30,False,-31,False,-31,False
-0.0647,-0.2415,0.25,-105,0.2108,60,False,-31,False,-31,False
-0.0647,-0.2415,0.25,-105,0.2108,90,False,-31,False,-31,False
-0.0647,-0.2415,0.25,-105,0.2608,0,True,1,False,-31,True
-0.0647,-0.2415,0.25,-105,0.2608,30,True,1,False,-31,True
-0.0647,-0.2415,0.25,-105,0.2608,60,True,1,False,-31,True
-0.0647,-0.2415,0.25,-105,0.2608,90,True,1,False,-31,True
-0.0647,-0.2415,0.25,-105,0.31,0,True,1,False,-31,True
-0.0647,-0.2415,0.25,-105,0.31,30,True,1,True,1,False
-0.0647,-0.2415,0.25,-105,0.31,60,True,1,True,1,False
-0.0647,-0.2415,0.25,-105,0.31,90,True,1,True,1,False
0.0,-0.25,0.25,-90,0.1608,0,False,-31,False,-31,False
0.0,-0.25,0.25,-90,0.1608,30,False,-31,False,-31,False
0.0,-0.25,0.25,-90,0.1608,60,False,-31,False,-31,False
0.0,-0.25,0.25,-90,0.1608,90,False,-31,False,-31,False
0.0,-0.25,0.25,-90,0.2108,0,False,-31,False,-31,False
0.0,-0.25,0.25,-90,0.2108,30,False,-31,False,-31,False
0.0,-0.25,0.25,-90,0.2108,60,False,-31,False,-31,False
0.0,-0.25,0.25,-90,0.2108,90,False,-31,False,-31,False
0.0,-0.25,0.25,-90,0.2608,0,True,1,False,-31,True
0.0,-0.25,0.25,-90,0.2608,30,True,1,False,-31,True
0.0,-0.25,0.25,-90,0.2608,60,True,1,False,-31,True
0.0,-0.25,0.25,-90,0.2608,90,True,1,False,-31,True
0.0,-0.25,0.25,-90,0.31,0,True,1,False,-31,True
0.0,-0.25,0.25,-90,0.31,30,True,1,True,1,False
0.0,-0.25,0.25,-90,0.31,60,True,1,True,1,False
0.0,-0.25,0.25,-90,0.31,90,True,1,True,1,False
0.0647,-0.2415,0.25,-75,0.1608,0,False,-31,False,-31,False
0.0647,-0.2415,0.25,-75,0.1608,30,False,-31,False,-31,False
0.0647,-0.2415,0.25,-75,0.1608,60,False,-31,False,-31,False
0.0647,-0.2415,0.25,-75,0.1608,90,False,-31,False,-31,False
0.0647,-0.2415,0.25,-75,0.2108,0,False,-31,False,-31,False
0.0647,-0.2415,0.25,-75,0.2108,30,False,-31,False,-31,False
0.0647,-0.2415,0.25,-75,0.2108,60,False,-31,False,-31,False
0.0647,-0.2415,0.25,-75,0.2108,90,False,-31,False,-31,False
0.0647,-0.2415,0.25,-75,0.2608,0,True,1,False,-31,True
0.0647,-0.2415,0.25,-75,0.2608,30,True,1,False,-31,True
0.0647,-0.2415,0.25,-75,0.2608,60,True,1,False,-31,True
0.0647,-0.2415,0.25,-75,0.2608,90,True,1,False,-31,True
0.0647,-0.2415,0.25,-75,0.31,0,True,1,False,-31,True
0.0647,-0.2415,0.25,-75,0.31,30,True,1,True,1,False
0.0647,-0.2415,0.25,-75,0.31,60,True,1,True,1,False
0.0647,-0.2415,0.25,-75,0.31,90,True,1,True,1,False
0.125,-0.2165,0.25,-60,0.1608,0,False,-31,False,-31,False
0.125,-0.2165,0.25,-60,0.1608,30,False,-31,False,-31,False
0.125,-0.2165,0.25,-60,0.1608,60,False,-31,False,-31,False
0.125,-0.2165,0.25,-60,0.1608,90,False,-31,False,-31,False
0.125,-0.2165,0.25,-60,0.2108,0,False,-31,False,-31,False
0.125,-0.2165,0.25,-60,0.2108,30,False,-31,False,-31,False
0.125,-0.2165,0.25,-60,0.2108,60,False,-31,False,-31,False
0.125,-0.2165,0.25,-60,0.2108,90,False,-31,False,-31,False
0.125,-0.2165,0.25,-60,0.2608,0,True,1,False,-31,True
0.125,-0.2165,0.25,-60,0.2608,30,True,1,False,-31,True
0.125,-0.2165,0.25,-60,0.2608,60,True,1,False,-31,True
0.125,-0.2165,0.25,-60,0.2608,90,True,1,False,-31,True
0.125,-0.2165,0.25,-60,0.31,0,True,1,False,-31,True
0.125,-0.2165,0.25,-60,0.31,30,True,1,True,1,False
0.125,-0.2165,0.25,-60,0.31,60,True,1,True,1,False
0.125,-0.2165,0.25,-60,0.31,90,True,1,True,1,False
0.1768,-0.1768,0.25,-45,0.1608,0,False,-31,False,-31,False
0.1768,-0.1768,0.25,-45,0.1608,30,False,-31,False,-31,False
0.1768,-0.1768,0.25,-45,0.1608,60,False,-31,False,-31,False
0.1768,-0.1768,0.25,-45,0.1608,90,False,-31,False,-31,False
0.1768,-0.1768,0.25,-45,0.2108,0,False,-31,False,-31,False
0.1768,-0.1768,0.25,-45,0.2108,30,False,-31,False,-31,False
0.1768,-0.1768,0.25,-45,0.2108,60,False,-31,False,-31,False
0.1768,-0.1768,0.25,-45,0.2108,90,False,-31,False,-31,False
0.1768,-0.1768,0.25,-45,0.2608,0,True,1,False,-31,True
0.1768,-0.1768,0.25,-45,0.2608,30,True,1,False,-31,True
0.1768,-0.1768,0.25,-45,0.2608,60,True,1,False,-31,True
0.1768,-0.1768,0.25,-45,0.2608,90,True,1,False,-31,True
0.1768,-0.1768,0.25,-45,0.31,0,True,1,False,-31,True
0.1768,-0.1768,0.25,-45,0.31,30,True,1,True,1,False
0.1768,-0.1768,0.25,-45,0.31,60,True,1,True,1,False
0.1768,-0.1768,0.25,-45,0.31,90,True,1,True,1,False
0.2165,-0.125,0.25,-30,0.1608,0,False,-31,False,-31,False
0.2165,-0.125,0.25,-30,0.1608,30,False,-31,False,-31,False
0.2165,-0.125,0.25,-30,0.1608,60,False,-31,False,-31,False
0.2165,-0.125,0.25,-30,0.1608,90,False,-31,False,-31,False
0.2165,-0.125,0.25,-30,0.2108,0,False,-31,False,-31,False
0.2165,-0.125,0.25,-30,0.2108,30,False,-31,False,-31,False
0.2165,-0.125,0.25,-30,0.2108,60,False,-31,False,-31,False
0.2165,-0.125,0.25,-30,0.2108,90,False,-31,False,-31,False
0.2165,-0.125,0.25,-30,0.2608,0,True,1,False,-31,True
0.2165,-0.125,0.25,-30,0.2608,30,True,1,False,-31,True
0.2165,-0.125,0.25,-30,0.2608,60,True,1,False,-31,True
0.2165,-0.125,0.25,-30,0.2608,90,True,1,False,-31,True
0.2165,-0.125,0.25,-30,0.31,0,True,1,False,-31,True
0.2165,-0.125,0.25,-30,0.31,30,True,1,True,1,False
0.2165,-0.125,0.25,-30,0.31,60,True,1,True,1,False
0.2165,-0.125,0.25,-30,0.31,90,True,1,True,1,False
0.2415,-0.0647,0.25,-15,0.1608,0,False,-31,False,-31,False
0.2415,-0.0647,0.25,-15,0.1608,30,False,-31,False,-31,False
0.2415,-0.0647,0.25,-15,0.1608,60,False,-31,False,-31,False
0.2415,-0.0647,0.25,-15,0.1608,90,False,-31,False,-31,False
0.2415,-0.0647,0.25,-15,0.2108,0,False,-31,False,-31,False
0.2415,-0.0647,0.25,-15,0.2108,30,False,-31,False,-31,False
0.2415,-0.0647,0.25,-15,0.2108,60,False,-31,False,-31,False
0.2415,-0.0647,0.25,-15,0.2108,90,False,-31,False,-31,False
0.2415,-0.0647,0.25,-15,0.2608,0,True,1,False,-31,True
0.2415,-0.0647,0.25,-15,0.2608,30,True,1,False,-31,True
0.2415,-0.0647,0.25,-15,0.2608,60,True,1,False,-31,True
0.2415,-0.0647,0.25,-15,0.2608,90,True,1,False,-31,True
0.2415,-0.0647,0.25,-15,0.31,0,True,1,False,-31,True
0.2415,-0.0647,0.25,-15,0.31,30,True,1,True,1,False
0.2415,-0.0647,0.25,-15,0.31,60,True,1,True,1,False
0.2415,-0.0647,0.25,-15,0.31,90,True,1,True,1,False
0.25,0.0,0.25,0,0.1608,0,False,-31,False,-31,False
0.25,0.0,0.25,0,0.1608,30,False,-31,False,-31,False
0.25,0.0,0.25,0,0.1608,60,False,-31,False,-31,False
0.25,0.0,0.25,0,0.1608,90,False,-31,False,-31,False
0.25,0.0,0.25,0,0.2108,0,False,-31,False,-31,False
0.25,0.0,0.25,0,0.2108,30,False,-31,False,-31,False
0.25,0.0,0.25,0,0.2108,60,False,-31,False,-31,False
0.25,0.0,0.25,0,0.2108,90,False,-31,False,-31,False
0.25,0.0,0.25,0,0.2608,0,True,1,False,-31,True
0.25,0.0,0.25,0,0.2608,30,True,1,False,-31,True
0.25,0.0,0.25,0,0.2608,60,True,1,False,-31,True
0.25,0.0,0.25,0,0.2608,90,True,1,False,-31,True
0.25,0.0,0.25,0,0.31,0,True,1,False,-31,True
0.25,0.0,0.25,0,0.31,30,True,1,True,1,False
0.25,0.0,0.25,0,0.31,60,True,1,True,1,False
0.25,0.0,0.25,0,0.31,90,True,1,True,1,False
0.2415,0.0647,0.25,15,0.1608,0,False,-31,False,-31,False
0.2415,0.0647,0.25,15,0.1608,30,False,-31,False,-31,False
0.2415,0.0647,0.25,15,0.1608,60,False,-31,False,-31,False
0.2415,0.0647,0.25,15,0.1608,90,False,-31,False,-31,False
0.2415,0.0647,0.25,15,0.2108,0,False,-31,False,-31,False
0.2415,0.0647,0.25,15,0.2108,30,False,-31,False,-31,False
0.2415,0.0647,0.25,15,0.2108,60,False,-31,False,-31,False
0.2415,0.0647,0.25,15,0.2108,90,False,-31,False,-31,False
0.2415,0.0647,0.25,15,0.2608,0,True,1,False,-31,True
0.2415,0.0647,0.25,15,0.2608,30,True,1,False,-31,True
0.2415,0.0647,0.25,15,0.2608,60,True,1,False,-31,True
0.2415,0.0647,0.25,15,0.2608,90,True,1,False,-31,True
0.2415,0.0647,0.25,15,0.31,0,True,1,False,-31,True
0.2415,0.0647,0.25,15,0.31,30,True,1,True,1,False
0.2415,0.0647,0.25,15,0.31,60,True,1,True,1,False
0.2415,0.0647,0.25,15,0.31,90,True,1,True,1,False
0.2165,0.125,0.25,30,0.1608,0,False,-31,False,-31,False
0.2165,0.125,0.25,30,0.1608,30,False,-31,False,-31,False
0.2165,0.125,0.25,30,0.1608,60,False,-31,False,-31,False
0.2165,0.125,0.25,30,0.1608,90,False,-31,False,-31,False
0.2165,0.125,0.25,30,0.2108,0,False,-31,False,-31,False
0.2165,0.125,0.25,30,0.2108,30,False,-31,False,-31,False
0.2165,0.125,0.25,30,0.2108,60,False,-31,False,-31,False
0.2165,0.125,0.25,30,0.2108,90,False,-31,False,-31,False
0.2165,0.125,0.25,30,0.2608,0,True,1,False,-31,True
0.2165,0.125,0.25,30,0.2608,30,True,1,False,-31,True
0.2165,0.125,0.25,30,0.2608,60,True,1,False,-31,True
0.2165,0.125,0.25,30,0.2608,90,True,1,False,-31,True
0.2165,0.125,0.25,30,0.31,0,True,1,False,-31,True
0.2165,0.125,0.25,30,0.31,30,True,1,True,1,False
0.2165,0.125,0.25,30,0.31,60,True,1,True,1,False
0.2165,0.125,0.25,30,0.31,90,True,1,True,1,False
0.1768,0.1768,0.25,45,0.1608,0,False,-31,False,-31,False
0.1768,0.1768,0.25,45,0.1608,30,False,-31,False,-31,False
0.1768,0.1768,0.25,45,0.1608,60,False,-31,False,-31,False
0.1768,0.1768,0.25,45,0.1608,90,False,-31,False,-31,False
0.1768,0.1768,0.25,45,0.2108,0,False,-31,False,-31,False
0.1768,0.1768,0.25,45,0.2108,30,False,-31,False,-31,False
0.1768,0.1768,0.25,45,0.2108,60,False,-31,False,-31,False
0.1768,0.1768,0.25,45,0.2108,90,False,-31,False,-31,False
0.1768,0.1768,0.25,45,0.2608,0,True,1,False,-31,True
0.1768,0.1768,0.25,45,0.2608,30,True,1,False,-31,True
0.1768,0.1768,0.25,45,0.2608,60,True,1,False,-31,True
0.1768,0.1768,0.25,45,0.2608,90,True,1,False,-31,True
0.1768,0.1768,0.25,45,0.31,0,True,1,False,-31,True
0.1768,0.1768,0.25,45,0.31,30,True,1,True,1,False
0.1768,0.1768,0.25,45,0.31,60,True,1,True,1,False
0.1768,0.1768,0.25,45,0.31,90,True,1,True,1,False
0.125,0.2165,0.25,60,0.1608,0,False,-31,False,-31,False
0.125,0.2165,0.25,60,0.1608,30,False,-31,False,-31,False
0.125,0.2165,0.25,60,0.1608,60,False,-31,False,-31,False
0.125,0.2165,0.25,60,0.1608,90,False,-31,False,-31,False
0.125,0.2165,0.25,60,0.2108,0,False,-31,False,-31,False
0.125,0.2165,0.25,60,0.2108,30,False,-31,False,-31,False
0.125,0.2165,0.25,60,0.2108,60,False,-31,False,-31,False
0.125,0.2165,0.25,60,0.2108,90,False,-31,False,-31,False
0.125,0.2165,0.25,60,0.2608,0,True,1,False,-31,True
0.125,0.2165,0.25,60,0.2608,30,True,1,False,-31,True
0.125,0.2165,0.25,60,0.2608,60,True,1,False,-31,True
0.125,0.2165,0.25,60,0.2608,90,True,1,False,-31,True
0.125,0.2165,0.25,60,0.31,0,True,1,False,-31,True
0.125,0.2165,0.25,60,0.31,30,True,1,True,1,False
0.125,0.2165,0.25,60,0.31,60,True,1,True,1,False
0.125,0.2165,0.25,60,0.31,90,True,1,True,1,False
0.0647,0.2415,0.25,75,0.1608,0,False,-31,False,-31,False
0.0647,0.2415,0.25,75,0.1608,30,False,-31,False,-31,False
0.0647,0.2415,0.25,75,0.1608,60,False,-31,False,-31,False
0.0647,0.2415,0.25,75,0.1608,90,False,-31,False,-31,False
0.0647,0.2415,0.25,75,0.2108,0,False,-31,False,-31,False
0.0647,0.2415,0.25,75,0.2108,30,False,-31,False,-31,False
0.0647,0.2415,0.25,75,0.2108,60,False,-31,False,-31,False
0.0647,0.2415,0.25,75,0.2108,90,False,-31,False,-31,False
0.0647,0.2415,0.25,75,0.2608,0,True,1,False,-31,True
0.0647,0.2415,0.25,75,0.2608,30,True,1,False,-31,True
0.0647,0.2415,0.25,75,0.2608,60,True,1,False,-31,True
0.0647,0.2415,0.25,75,0.2608,90,True,1,False,-31,True
0.0647,0.2415,0.25,75,0.31,0,True,1,False,-31,True
0.0647,0.2415,0.25,75,0.31,30,True,1,True,1,False
0.0647,0.2415,0.25,75,0.31,60,True,1,True,1,False
0.0647,0.2415,0.25,75,0.31,90,True,1,True,1,False
0.0,0.25,0.25,90,0.1608,0,False,-31,False,-31,False
0.0,0.25,0.25,90,0.1608,30,False,-31,False,-31,False
0.0,0.25,0.25,90,0.1608,60,False,-31,False,-31,False
0.0,0.25,0.25,90,0.1608,90,False,-31,False,-31,False
0.0,0.25,0.25,90,0.2108,0,False,-31,False,-31,False
0.0,0.25,0.25,90,0.2108,30,False,-31,False,-31,False
0.0,0.25,0.25,90,0.2108,60,False,-31,False,-31,False
0.0,0.25,0.25,90,0.2108,90,False,-31,False,-31,False
0.0,0.25,0.25,90,0.2608,0,True,1,False,-31,True
0.0,0.25,0.25,90,0.2608,30,True,1,False,-31,True
0.0,0.25,0.25,90,0.2608,60,True,1,False,-31,True
0.0,0.25,0.25,90,0.2608,90,True,1,False,-31,True
0.0,0.25,0.25,90,0.31,0,True,1,False,-31,True
0.0,0.25,0.25,90,0.31,30,True,1,True,1,False
0.0,0.25,0.25,90,0.31,60,True,1,True,1,False
0.0,0.25,0.25,90,0.31,90,True,1,True,1,False
-0.0647,0.2415,0.25,105,0.1608,0,False,-31,False,-31,False
-0.0647,0.2415,0.25,105,0.1608,30,False,-31,False,-31,False
-0.0647,0.2415,0.25,105,0.1608,60,False,-31,False,-31,False
-0.0647,0.2415,0.25,105,0.1608,90,False,-31,False,-31,False
-0.0647,0.2415,0.25,105,0.2108,0,False,-31,False,-31,False
-0.0647,0.2415,0.25,105,0.2108,30,False,-31,False,-31,False
-0.0647,0.2415,0.25,105,0.2108,60,False,-31,False,-31,False
-0.0647,0.2415,0.25,105,0.2108,90,False,-31,False,-31,False
-0.0647,0.2415,0.25,105,0.2608,0,True,1,False,-31,True
-0.0647,0.2415,0.25,105,0.2608,30,True,1,False,-31,True
-0.0647,0.2415,0.25,105,0.2608,60,True,1,False,-31,True
-0.0647,0.2415,0.25,105,0.2608,90,True,1,False,-31,True
-0.0647,0.2415,0.25,105,0.31,0,True,1,False,-31,True
-0.0647,0.2415,0.25,105,0.31,30,True,1,True,1,False
-0.0647,0.2415,0.25,105,0.31,60,True,1,True,1,False
-0.0647,0.2415,0.25,105,0.31,90,True,1,True,1,False
-0.125,0.2165,0.25,120,0.1608,0,False,-31,False,-31,False
-0.125,0.2165,0.25,120,0.1608,30,False,-31,False,-31,False
-0.125,0.2165,0.25,120,0.1608,60,False,-31,False,-31,False
-0.125,0.2165,0.25,120,0.1608,90,False,-31,False,-31,False
-0.125,0.2165,0.25,120,0.2108,0,False,-31,False,-31,False
-0.125,0.2165,0.25,120,0.2108,30,False,-31,False,-31,False
-0.125,0.2165,0.25,120,0.2108,60,False,-31,False,-31,False
-0.125,0.2165,0.25,120,0.2108,90,False,-31,False,-31,False
-0.125,0.2165,0.25,120,0.2608,0,True,1,False,-31,True
-0.125,0.2165,0.25,120,0.2608,30,True,1,False,-31,True
-0.125,0.2165,0.25,120,0.2608,60,True,1,False,-31,True
-0.125,0.2165,0.25,120,0.2608,90,True,1,False,-31,True
-0.125,0.2165,0.25,120,0.31,0,True,1,False,-31,True
-0.125,0.2165,0.25,120,0.31,30,True,1,True,1,False
-0.125,0.2165,0.25,120,0.31,60,True,1,True,1,False
-0.125,0.2165,0.25,120,0.31,90,True,1,True,1,False
-0.1768,0.1768,0.25,135,0.1608,0,False,-31,False,-31,False
-0.1768,0.1768,0.25,135,0.1608,30,False,-31,False,-31,False
-0.1768,0.1768,0.25,135,0.1608,60,False,-31,False,-31,False
-0.1768,0.1768,0.25,135,0.1608,90,False,-31,False,-31,False
-0.1768,0.1768,0.25,135,0.2108,0,False,-31,False,-31,False
-0.1768,0.1768,0.25,135,0.2108,30,False,-31,False,-31,False
-0.1768,0.1768,0.25,135,0.2108,60,False,-31,False,-31,False
-0.1768,0.1768,0.25,135,0.2108,90,False,-31,False,-31,False
-0.1768,0.1768,0.25,135,0.2608,0,True,1,False,-31,True
-0.1768,0.1768,0.25,135,0.2608,30,True,1,False,-31,True
-0.1768,0.1768,0.25,135,0.2608,60,True,1,False,-31,True
-0.1768,0.1768,0.25,135,0.2608,90,True,1,False,-31,True
-0.1768,0.1768,0.25,135,0.31,0,True,1,False,-31,True
-0.1768,0.1768,0.25,135,0.31,30,True,1,True,1,False
-0.1768,0.1768,0.25,135,0.31,60,True,1,True,1,False
-0.1768,0.1768,0.25,135,0.31,90,True,1,True,1,False
-0.2165,0.125,0.25,150,0.1608,0,False,-31,False,-31,False
-0.2165,0.125,0.25,150,0.1608,30,False,-31,False,-31,False
-0.2165,0.125,0.25,150,0.1608,60,False,-31,False,-31,False
-0.2165,0.125,0.25,150,0.1608,90,False,-31,False,-31,False
-0.2165,0.125,0.25,150,0.2108,0,False,-31,False,-31,False
-0.2165,0.125,0.25,150,0.2108,30,False,-31,False,-31,False
-0.2165,0.125,0.25,150,0.2108,60,False,-31,False,-31,False
-0.2165,0.125,0.25,150,0.2108,90,False,-31,False,-31,False
-0.2165,0.125,0.25,150,0.2608,0,True,1,False,-31,True
-0.2165,0.125,0.25,150,0.2608,30,True,1,False,-31,True
-0.2165,0.125,0.25,150,0.2608,60,True,1,False,-31,True
-0.2165,0.125,0.25,150,0.2608,90,True,1,False,-31,True
-0.2165,0.125,0.25,150,0.31,0,True,1,False,-31,True
-0.2165,0.125,0.25,150,0.31,30,True,1,True,1,False
-0.2165,0.125,0.25,150,0.31,60,True,1,True,1,False
-0.2165,0.125,0.25,150,0.31,90,True,1,True,1,False
-0.2415,0.0647,0.25,165,0.1608,0,False,-31,False,-31,False
-0.2415,0.0647,0.25,165,0.1608,30,False,-31,False,-31,False
-0.2415,0.0647,0.25,165,0.1608,60,False,-31,False,-31,False
-0.2415,0.0647,0.25,165,0.1608,90,False,-31,False,-31,False
-0.2415,0.0647,0.25,165,0.2108,0,False,-31,False,-31,False
-0.2415,0.0647,0.25,165,0.2108,30,False,-31,False,-31,False
-0.2415,0.0647,0.25,165,0.2108,60,False,-31,False,-31,False
-0.2415,0.0647,0.25,165,0.2108,90,False,-31,False,-31,False
-0.2415,0.0647,0.25,165,0.2608,0,True,1,False,-31,True
-0.2415,0.0647,0.25,165,0.2608,30,True,1,False,-31,True
-0.2415,0.0647,0.25,165,0.2608,60,True,1,False,-31,True
-0.2415,0.0647,0.25,165,0.2608,90,True,1,False,-31,True
-0.2415,0.0647,0.25,165,0.31,0,True,1,False,-31,True
-0.2415,0.0647,0.25,165,0.31,30,True,1,True,1,False
-0.2415,0.0647,0.25,165,0.31,60,True,1,True,1,False
-0.2415,0.0647,0.25,165,0.31,90,True,1,True,1,False
-0.3,-0.0,0.3,-180,0.1608,0,True,1,False,-31,True
-0.3,-0.0,0.3,-180,0.1608,30,True,1,False,-31,True
-0.3,-0.0,0.3,-180,0.1608,60,True,1,True,1,False
-0.3,-0.0,0.3,-180,0.1608,90,True,1,True,1,False
-0.3,-0.0,0.3,-180,0.2108,0,True,1,False,-31,True
-0.3,-0.0,0.3,-180,0.2108,30,True,1,True,1,False
-0.3,-0.0,0.3,-180,0.2108,60,True,1,True,1,False
-0.3,-0.0,0.3,-180,0.2108,90,True,1,True,1,False
-0.3,-0.0,0.3,-180,0.2608,0,True,1,True,1,False
-0.3,-0.0,0.3,-180,0.2608,30,True,1,True,1,False
-0.3,-0.0,0.3,-180,0.2608,60,True,1,True,1,False
-0.3,-0.0,0.3,-180,0.2608,90,True,1,True,1,False
-0.3,-0.0,0.3,-180,0.31,0,True,1,True,1,False
-0.3,-0.0,0.3,-180,0.31,30,True,1,True,1,False
-0.3,-0.0,0.3,-180,0.31,60,True,1,True,1,False
-0.3,-0.0,0.3,-180,0.31,90,False,-31,True,1,True
-0.2898,-0.0776,0.3,-165,0.1608,0,True,1,False,-31,True
-0.2898,-0.0776,0.3,-165,0.1608,30,True,1,False,-31,True
-0.2898,-0.0776,0.3,-165,0.1608,60,True,1,True,1,False
-0.2898,-0.0776,0.3,-165,0.1608,90,True,1,True,1,False
-0.2898,-0.0776,0.3,-165,0.2108,0,True,1,False,-31,True
-0.2898,-0.0776,0.3,-165,0.2108,30,True,1,True,1,False
-0.2898,-0.0776,0.3,-165,0.2108,60,True,1,True,1,False
-0.2898,-0.0776,0.3,-165,0.2108,90,True,1,True,1,False
-0.2898,-0.0776,0.3,-165,0.2608,0,True,1,True,1,False
-0.2898,-0.0776,0.3,-165,0.2608,30,True,1,True,1,False
-0.2898,-0.0776,0.3,-165,0.2608,60,True,1,True,1,False
-0.2898,-0.0776,0.3,-165,0.2608,90,True,1,True,1,False
-0.2898,-0.0776,0.3,-165,0.31,0,True,1,True,1,False
-0.2898,-0.0776,0.3,-165,0.31,30,True,1,True,1,False
-0.2898,-0.0776,0.3,-165,0.31,60,True,1,True,1,False
-0.2898,-0.0776,0.3,-165,0.31,90,True,1,True,1,False
-0.2598,-0.15,0.3,-150,0.1608,0,True,1,False,-31,True
-0.2598,-0.15,0.3,-150,0.1608,30,True,1,False,-31,True
-0.2598,-0.15,0.3,-150,0.1608,60,True,1,True,1,False
-0.2598,-0.15,0.3,-150,0.1608,90,True,1,True,1,False
-0.2598,-0.15,0.3,-150,0.2108,0,True,1,False,-31,True
-0.2598,-0.15,0.3,-150,0.2108,30,True,1,True,1,False
-0.2598,-0.15,0.3,-150,0.2108,60,True,1,True,1,False
-0.2598,-0.15,0.3,-150,0.2108,90,True,1,True,1,False
-0.2598,-0.15,0.3,-150,0.2608,0,True,1,True,1,False
-0.2598,-0.15,0.3,-150,0.2608,30,True,1,True,1,False
-0.2598,-0.15,0.3,-150,0.2608,60,True,1,True,1,False
-0.2598,-0.15,0.3,-150,0.2608,90,True,1,True,1,False
-0.2598,-0.15,0.3,-150,0.31,0,True,1,True,1,False
-0.2598,-0.15,0.3,-150,0.31,30,True,1,True,1,False
-0.2598,-0.15,0.3,-150,0.31,60,True,1,True,1,False
-0.2598,-0.15,0.3,-150,0.31,90,True,1,True,1,False
-0.2121,-0.2121,0.3,-135,0.1608,0,True,1,False,-31,True
-0.2121,-0.2121,0.3,-135,0.1608,30,True,1,False,-31,True
-0.2121,-0.2121,0.3,-135,0.1608,60,True,1,True,1,False
-0.2121,-0.2121,0.3,-135,0.1608,90,True,1,True,1,False
-0.2121,-0.2121,0.3,-135,0.2108,0,True,1,False,-31,True
-0.2121,-0.2121,0.3,-135,0.2108,30,True,1,True,1,False
-0.2121,-0.2121,0.3,-135,0.2108,60,True,1,True,1,False
-0.2121,-0.2121,0.3,-135,0.2108,90,True,1,True,1,False
-0.2121,-0.2121,0.3,-135,0.2608,0,True,1,True,1,False
-0.2121,-0.2121,0.3,-135,0.2608,30,True,1,True,1,False
-0.2121,-0.2121,0.3,-135,0.2608,60,True,1,True,1,False
-0.2121,-0.2121,0.3,-135,0.2608,90,True,1,True,1,False
-0.2121,-0.2121,0.3,-135,0.31,0,True,1,True,1,False
-0.2121,-0.2121,0.3,-135,0.31,30,True,1,True,1,False
-0.2121,-0.2121,0.3,-135,0.31,60,True,1,True,1,False
-0.2121,-0.2121,0.3,-135,0.31,90,True,1,True,1,False
-0.15,-0.2598,0.3,-120,0.1608,0,True,1,False,-31,True
-0.15,-0.2598,0.3,-120,0.1608,30,True,1,False,-31,True
-0.15,-0.2598,0.3,-120,0.1608,60,True,1,True,1,False
-0.15,-0.2598,0.3,-120,0.1608,90,True,1,True,1,False
-0.15,-0.2598,0.3,-120,0.2108,0,True,1,False,-31,True
-0.15,-0.2598,0.3,-120,0.2108,30,True,1,True,1,False
-0.15,-0.2598,0.3,-120,0.2108,60,True,1,True,1,False
-0.15,-0.2598,0.3,-120,0.2108,90,True,1,True,1,False
-0.15,-0.2598,0.3,-120,0.2608,0,True,1,True,1,False
-0.15,-0.2598,0.3,-120,0.2608,30,True,1,True,1,False
-0.15,-0.2598,0.3,-120,0.2608,60,True,1,True,1,False
-0.15,-0.2598,0.3,-120,0.2608,90,True,1,True,1,False
-0.15,-0.2598,0.3,-120,0.31,0,True,1,True,1,False
-0.15,-0.2598,0.3,-120,0.31,30,True,1,True,1,False
-0.15,-0.2598,0.3,-120,0.31,60,True,1,True,1,False
-0.15,-0.2598,0.3,-120,0.31,90,True,1,True,1,False
-0.0776,-0.2898,0.3,-105,0.1608,0,True,1,False,-31,True
-0.0776,-0.2898,0.3,-105,0.1608,30,True,1,False,-31,True
-0.0776,-0.2898,0.3,-105,0.1608,60,True,1,True,1,False
-0.0776,-0.2898,0.3,-105,0.1608,90,True,1,True,1,False
-0.0776,-0.2898,0.3,-105,0.2108,0,True,1,False,-31,True
-0.0776,-0.2898,0.3,-105,0.2108,30,True,1,True,1,False
-0.0776,-0.2898,0.3,-105,0.2108,60,True,1,True,1,False
-0.0776,-0.2898,0.3,-105,0.2108,90,True,1,True,1,False
-0.0776,-0.2898,0.3,-105,0.2608,0,True,1,True,1,False
-0.0776,-0.2898,0.3,-105,0.2608,30,True,1,True,1,False
-0.0776,-0.2898,0.3,-105,0.2608,60,True,1,True,1,False
-0.0776,-0.2898,0.3,-105,0.2608,90,True,1,True,1,False
-0.0776,-0.2898,0.3,-105,0.31,0,True,1,True,1,False
-0.0776,-0.2898,0.3,-105,0.31,30,True,1,True,1,False
-0.0776,-0.2898,0.3,-105,0.31,60,True,1,True,1,False
-0.0776,-0.2898,0.3,-105,0.31,90,True,1,True,1,False
0.0,-0.3,0.3,-90,0.1608,0,True,1,False,-31,True
0.0,-0.3,0.3,-90,0.1608,30,True,1,False,-31,True
0.0,-0.3,0.3,-90,0.1608,60,True,1,True,1,False
0.0,-0.3,0.3,-90,0.1608,90,True,1,True,1,False
0.0,-0.3,0.3,-90,0.2108,0,True,1,False,-31,True
0.0,-0.3,0.3,-90,0.2108,30,True,1,True,1,False
0.0,-0.3,0.3,-90,0.2108,60,True,1,True,1,False
0.0,-0.3,0.3,-90,0.2108,90,True,1,True,1,False
0.0,-0.3,0.3,-90,0.2608,0,True,1,True,1,False
0.0,-0.3,0.3,-90,0.2608,30,True,1,True,1,False
0.0,-0.3,0.3,-90,0.2608,60,True,1,True,1,False
0.0,-0.3,0.3,-90,0.2608,90,True,1,True,1,False
0.0,-0.3,0.3,-90,0.31,0,True,1,True,1,False
0.0,-0.3,0.3,-90,0.31,30,True,1,True,1,False
0.0,-0.3,0.3,-90,0.31,60,True,1,True,1,False
0.0,-0.3,0.3,-90,0.31,90,True,1,True,1,False
0.0776,-0.2898,0.3,-75,0.1608,0,True,1,False,-31,True
0.0776,-0.2898,0.3,-75,0.1608,30,True,1,False,-31,True
0.0776,-0.2898,0.3,-75,0.1608,60,True,1,True,1,False
0.0776,-0.2898,0.3,-75,0.1608,90,True,1,True,1,False
0.0776,-0.2898,0.3,-75,0.2108,0,True,1,False,-31,True
0.0776,-0.2898,0.3,-75,0.2108,30,True,1,True,1,False
0.0776,-0.2898,0.3,-75,0.2108,60,True,1,True,1,False
0.0776,-0.2898,0.3,-75,0.2108,90,True,1,True,1,False
0.0776,-0.2898,0.3,-75,0.2608,0,True,1,True,1,False
0.0776,-0.2898,0.3,-75,0.2608,30,True,1,True,1,False
0.0776,-0.2898,0.3,-75,0.2608,60,True,1,True,1,False
0.0776,-0.2898,0.3,-75,0.2608,90,True,1,True,1,False
0.0776,-0.2898,0.3,-75,0.31,0,True,1,True,1,False
0.0776,-0.2898,0.3,-75,0.31,30,True,1,True,1,False
0.0776,-0.2898,0.3,-75,0.31,60,True,1,True,1,False
0.0776,-0.2898,0.3,-75,0.31,90,True,1,True,1,False
0.15,-0.2598,0.3,-60,0.1608,0,True,1,False,-31,True
0.15,-0.2598,0.3,-60,0.1608,30,True,1,False,-31,True
0.15,-0.2598,0.3,-60,0.1608,60,True,1,True,1,False
0.15,-0.2598,0.3,-60,0.1608,90,True,1,True,1,False
0.15,-0.2598,0.3,-60,0.2108,0,True,1,False,-31,True
0.15,-0.2598,0.3,-60,0.2108,30,True,1,True,1,False
0.15,-0.2598,0.3,-60,0.2108,60,True,1,True,1,False
0.15,-0.2598,0.3,-60,0.2108,90,True,1,True,1,False
0.15,-0.2598,0.3,-60,0.2608,0,True,1,True,1,False
0.15,-0.2598,0.3,-60,0.2608,30,True,1,True,1,False
0.15,-0.2598,0.3,-60,0.2608,60,True,1,True,1,False
0.15,-0.2598,0.3,-60,0.2608,90,True,1,True,1,False
0.15,-0.2598,0.3,-60,0.31,0,True,1,True,1,False
0.15,-0.2598,0.3,-60,0.31,30,True,1,True,1,False
0.15,-0.2598,0.3,-60,0.31,60,True,1,True,1,False
0.15,-0.2598,0.3,-60,0.31,90,True,1,True,1,False
0.2121,-0.2121,0.3,-45,0.1608,0,True,1,False,-31,True
0.2121,-0.2121,0.3,-45,0.1608,30,True,1,False,-31,True
0.2121,-0.2121,0.3,-45,0.1608,60,True,1,True,1,False
0.2121,-0.2121,0.3,-45,0.1608,90,True,1,True,1,False
0.2121,-0.2121,0.3,-45,0.2108,0,True,1,False,-31,True
0.2121,-0.2121,0.3,-45,0.2108,30,True,1,True,1,False
0.2121,-0.2121,0.3,-45,0.2108,60,True,1,True,1,False
0.2121,-0.2121,0.3,-45,0.2108,90,True,1,True,1,False
0.2121,-0.2121,0.3,-45,0.2608,0,True,1,True,1,False
0.2121,-0.2121,0.3,-45,0.2608,30,True,1,True,1,False
0.2121,-0.2121,0.3,-45,0.2608,60,True,1,True,1,False
0.2121,-0.2121,0.3,-45,0.2608,90,True,1,True,1,False
0.2121,-0.2121,0.3,-45,0.31,0,True,1,True,1,False
0.2121,-0.2121,0.3,-45,0.31,30,True,1,True,1,False
0.2121,-0.2121,0.3,-45,0.31,60,True,1,True,1,False
0.2121,-0.2121,0.3,-45,0.31,90,True,1,True,1,False
0.2598,-0.15,0.3,-30,0.1608,0,True,1,False,-31,True
0.2598,-0.15,0.3,-30,0.1608,30,True,1,False,-31,True
0.2598,-0.15,0.3,-30,0.1608,60,True,1,True,1,False
0.2598,-0.15,0.3,-30,0.1608,90,True,1,True,1,False
0.2598,-0.15,0.3,-30,0.2108,0,True,1,False,-31,True
0.2598,-0.15,0.3,-30,0.2108,30,True,1,True,1,False
0.2598,-0.15,0.3,-30,0.2108,60,True,1,True,1,False
0.2598,-0.15,0.3,-30,0.2108,90,True,1,True,1,False
0.2598,-0.15,0.3,-30,0.2608,0,True,1,True,1,False
0.2598,-0.15,0.3,-30,0.2608,30,True,1,True,1,False
0.2598,-0.15,0.3,-30,0.2608,60,True,1,True,1,False
0.2598,-0.15,0.3,-30,0.2608,90,True,1,True,1,False
0.2598,-0.15,0.3,-30,0.31,0,True,1,True,1,False
0.2598,-0.15,0.3,-30,0.31,30,True,1,True,1,False
0.2598,-0.15,0.3,-30,0.31,60,True,1,True,1,False
0.2598,-0.15,0.3,-30,0.31,90,True,1,True,1,False
0.2898,-0.0776,0.3,-15,0.1608,0,True,1,False,-31,True
0.2898,-0.0776,0.3,-15,0.1608,30,True,1,False,-31,True
0.2898,-0.0776,0.3,-15,0.1608,60,True,1,True,1,False
0.2898,-0.0776,0.3,-15,0.1608,90,True,1,True,1,False
0.2898,-0.0776,0.3,-15,0.2108,0,True,1,False,-31,True
0.2898,-0.0776,0.3,-15,0.2108,30,True,1,True,1,False
0.2898,-0.0776,0.3,-15,0.2108,60,True,1,True,1,False
0.2898,-0.0776,0.3,-15,0.2108,90,True,1,True,1,False
0.2898,-0.0776,0.3,-15,0.2608,0,True,1,True,1,False
0.2898,-0.0776,0.3,-15,0.2608,30,True,1,True,1,False
0.2898,-0.0776,0.3,-15,0.2608,60,True,1,True,1,False
0.2898,-0.0776,0.3,-15,0.2608,90,True,1,True,1,False
0.2898,-0.0776,0.3,-15,0.31,0,True,1,True,1,False
0.2898,-0.0776,0.3,-15,0.31,30,True,1,True,1,False
0.2898,-0.0776,0.3,-15,0.31,60,True,1,True,1,False
0.2898,-0.0776,0.3,-15,0.31,90,True,1,True,1,False
0.3,0.0,0.3,0,0.1608,0,True,1,False,-31,True
0.3,0.0,0.3,0,0.1608,30,True,1,False,-31,True
0.3,0.0,0.3,0,0.1608,60,True,1,True,1,False
0.3,0.0,0.3,0,0.1608,90,True,1,True,1,False
0.3,0.0,0.3,0,0.2108,0,True,1,False,-31,True
0.3,0.0,0.3,0,0.2108,30,True,1,True,1,False
0.3,0.0,0.3,0,0.2108,60,True,1,True,1,False
0.3,0.0,0.3,0,0.2108,90,True,1,True,1,False
0.3,0.0,0.3,0,0.2608,0,True,1,True,1,False
0.3,0.0,0.3,0,0.2608,30,True,1,True,1,False
0.3,0.0,0.3,0,0.2608,60,True,1,True,1,False
0.3,0.0,0.3,0,0.2608,90,True,1,True,1,False
0.3,0.0,0.3,0,0.31,0,True,1,True,1,False
0.3,0.0,0.3,0,0.31,30,True,1,True,1,False
0.3,0.0,0.3,0,0.31,60,True,1,True,1,False
0.3,0.0,0.3,0,0.31,90,True,1,True,1,False
0.2898,0.0776,0.3,15,0.1608,0,True,1,False,-31,True
0.2898,0.0776,0.3,15,0.1608,30,True,1,False,-31,True
0.2898,0.0776,0.3,15,0.1608,60,True,1,True,1,False
0.2898,0.0776,0.3,15,0.1608,90,True,1,True,1,False
0.2898,0.0776,0.3,15,0.2108,0,True,1,False,-31,True
0.2898,0.0776,0.3,15,0.2108,30,True,1,True,1,False
0.2898,0.0776,0.3,15,0.2108,60,True,1,True,1,False
0.2898,0.0776,0.3,15,0.2108,90,True,1,True,1,False
0.2898,0.0776,0.3,15,0.2608,0,True,1,True,1,False
0.2898,0.0776,0.3,15,0.2608,30,True,1,True,1,False
0.2898,0.0776,0.3,15,0.2608,60,True,1,True,1,False
0.2898,0.0776,0.3,15,0.2608,90,True,1,True,1,False
0.2898,0.0776,0.3,15,0.31,0,True,1,True,1,False
0.2898,0.0776,0.3,15,0.31,30,True,1,True,1,False
0.2898,0.0776,0.3,15,0.31,60,True,1,True,1,False
0.2898,0.0776,0.3,15,0.31,90,True,1,True,1,False
0.2598,0.15,0.3,30,0.1608,0,True,1,False,-31,True
0.2598,0.15,0.3,30,0.1608,30,True,1,False,-31,True
0.2598,0.15,0.3,30,0.1608,60,True,1,True,1,False
0.2598,0.15,0.3,30,0.1608,90,True,1,True,1,False
0.2598,0.15,0.3,30,0.2108,0,True,1,False,-31,True
0.2598,0.15,0.3,30,0.2108,30,True,1,True,1,False
0.2598,0.15,0.3,30,0.2108,60,True,1,True,1,False
0.2598,0.15,0.3,30,0.2108,90,True,1,True,1,False
0.2598,0.15,0.3,30,0.2608,0,True,1,True,1,False
0.2598,0.15,0.3,30,0.2608,30,True,1,True,1,False
0.2598,0.15,0.3,30,0.2608,60,True,1,True,1,False
0.2598,0.15,0.3,30,0.2608,90,True,1,True,1,False
0.2598,0.15,0.3,30,0.31,0,True,1,True,1,False
0.2598,0.15,0.3,30,0.31,30,True,1,True,1,False
0.2598,0.15,0.3,30,0.31,60,True,1,True,1,False
0.2598,0.15,0.3,30,0.31,90,True,1,True,1,False
0.2121,0.2121,0.3,45,0.1608,0,True,1,False,-31,True
0.2121,0.2121,0.3,45,0.1608,30,True,1,False,-31,True
0.2121,0.2121,0.3,45,0.1608,60,True,1,True,1,False
0.2121,0.2121,0.3,45,0.1608,90,True,1,True,1,False
0.2121,0.2121,0.3,45,0.2108,0,True,1,False,-31,True
0.2121,0.2121,0.3,45,0.2108,30,True,1,True,1,False
0.2121,0.2121,0.3,45,0.2108,60,True,1,True,1,False
0.2121,0.2121,0.3,45,0.2108,90,True,1,True,1,False
0.2121,0.2121,0.3,45,0.2608,0,True,1,True,1,False
0.2121,0.2121,0.3,45,0.2608,30,True,1,True,1,False
0.2121,0.2121,0.3,45,0.2608,60,True,1,True,1,False
0.2121,0.2121,0.3,45,0.2608,90,True,1,True,1,False
0.2121,0.2121,0.3,45,0.31,0,True,1,True,1,False
0.2121,0.2121,0.3,45,0.31,30,True,1,True,1,False
0.2121,0.2121,0.3,45,0.31,60,True,1,True,1,False
0.2121,0.2121,0.3,45,0.31,90,True,1,True,1,False
0.15,0.2598,0.3,60,0.1608,0,True,1,False,-31,True
0.15,0.2598,0.3,60,0.1608,30,True,1,False,-31,True
0.15,0.2598,0.3,60,0.1608,60,True,1,True,1,False
0.15,0.2598,0.3,60,0.1608,90,True,1,True,1,False
0.15,0.2598,0.3,60,0.2108,0,True,1,False,-31,True
0.15,0.2598,0.3,60,0.2108,30,True,1,True,1,False
0.15,0.2598,0.3,60,0.2108,60,True,1,True,1,False
0.15,0.2598,0.3,60,0.2108,90,True,1,True,1,False
0.15,0.2598,0.3,60,0.2608,0,True,1,True,1,False
0.15,0.2598,0.3,60,0.2608,30,True,1,True,1,False
0.15,0.2598,0.3,60,0.2608,60,True,1,True,1,False
0.15,0.2598,0.3,60,0.2608,90,True,1,True,1,False
0.15,0.2598,0.3,60,0.31,0,True,1,True,1,False
0.15,0.2598,0.3,60,0.31,30,True,1,True,1,False
0.15,0.2598,0.3,60,0.31,60,True,1,True,1,False
0.15,0.2598,0.3,60,0.31,90,True,1,True,1,False
0.0776,0.2898,0.3,75,0.1608,0,True,1,False,-31,True
0.0776,0.2898,0.3,75,0.1608,30,True,1,False,-31,True
0.0776,0.2898,0.3,75,0.1608,60,True,1,True,1,False
0.0776,0.2898,0.3,75,0.1608,90,True,1,True,1,False
0.0776,0.2898,0.3,75,0.2108,0,True,1,False,-31,True
0.0776,0.2898,0.3,75,0.2108,30,True,1,True,1,False
0.0776,0.2898,0.3,75,0.2108,60,True,1,True,1,False
0.0776,0.2898,0.3,75,0.2108,90,True,1,True,1,False
0.0776,0.2898,0.3,75,0.2608,0,True,1,True,1,False
0.0776,0.2898,0.3,75,0.2608,30,True,1,True,1,False
0.0776,0.2898,0.3,75,0.2608,60,True,1,True,1,False
0.0776,0.2898,0.3,75,0.2608,90,True,1,True,1,False
0.0776,0.2898,0.3,75,0.31,0,True,1,True,1,False
0.0776,0.2898,0.3,75,0.31,30,True,1,True,1,False
0.0776,0.2898,0.3,75,0.31,60,True,1,True,1,False
0.0776,0.2898,0.3,75,0.31,90,True,1,True,1,False
0.0,0.3,0.3,90,0.1608,0,True,1,False,-31,True
0.0,0.3,0.3,90,0.1608,30,True,1,False,-31,True
0.0,0.3,0.3,90,0.1608,60,True,1,True,1,False
0.0,0.3,0.3,90,0.1608,90,True,1,True,1,False
0.0,0.3,0.3,90,0.2108,0,True,1,False,-31,True
0.0,0.3,0.3,90,0.2108,30,True,1,True,1,False
0.0,0.3,0.3,90,0.2108,60,True,1,True,1,False
0.0,0.3,0.3,90,0.2108,90,True,1,True,1,False
0.0,0.3,0.3,90,0.2608,0,True,1,True,1,False
0.0,0.3,0.3,90,0.2608,30,True,1,True,1,False
0.0,0.3,0.3,90,0.2608,60,True,1,True,1,False
0.0,0.3,0.3,90,0.2608,90,True,1,True,1,False
0.0,0.3,0.3,90,0.31,0,False,-31,True,1,True
0.0,0.3,0.3,90,0.31,30,True,1,True,1,False
0.0,0.3,0.3,90,0.31,60,True,1,True,1,False
0.0,0.3,0.3,90,0.31,90,True,1,True,1,False
-0.0776,0.2898,0.3,105,0.1608,0,True,1,False,-31,True
-0.0776,0.2898,0.3,105,0.1608,30,True,1,False,-31,True
-0.0776,0.2898,0.3,105,0.1608,60,True,1,True,1,False
-0.0776,0.2898,0.3,105,0.1608,90,True,1,True,1,False
-0.0776,0.2898,0.3,105,0.2108,0,True,1,False,-31,True
-0.0776,0.2898,0.3,105,0.2108,30,True,1,True,1,False
-0.0776,0.2898,0.3,105,0.2108,60,True,1,True,1,False
-0.0776,0.2898,0.3,105,0.2108,90,True,1,True,1,False
-0.0776,0.2898,0.3,105,0.2608,0,True,1,True,1,False
-0.0776,0.2898,0.3,105,0.2608,30,True,1,True,1,False
-0.0776,0.2898,0.3,105,0.2608,60,True,1,True,1,False
-0.0776,0.2898,0.3,105,0.2608,90,True,1,True,1,False
-0.0776,0.2898,0.3,105,0.31,0,True,1,True,1,False
-0.0776,0.2898,0.3,105,0.31,30,True,1,True,1,False
-0.0776,0.2898,0.3,105,0.31,60,True,1,True,1,False
-0.0776,0.2898,0.3,105,0.31,90,True,1,True,1,False
-0.15,0.2598,0.3,120,0.1608,0,True,1,False,-31,True
-0.15,0.2598,0.3,120,0.1608,30,True,1,False,-31,True
-0.15,0.2598,0.3,120,0.1608,60,True,1,True,1,False
-0.15,0.2598,0.3,120,0.1608,90,True,1,True,1,False
-0.15,0.2598,0.3,120,0.2108,0,True,1,False,-31,True
-0.15,0.2598,0.3,120,0.2108,30,True,1,True,1,False
-0.15,0.2598,0.3,120,0.2108,60,True,1,True,1,False
-0.15,0.2598,0.3,120,0.2108,90,True,1,True,1,False
-0.15,0.2598,0.3,120,0.2608,0,True,1,True,1,False
-0.15,0.2598,0.3,120,0.2608,30,True,1,True,1,False
-0.15,0.2598,0.3,120,0.2608,60,True,1,True,1,False
-0.15,0.2598,0.3,120,0.2608,90,True,1,True,1,False
-0.15,0.2598,0.3,120,0.31,0,True,1,True,1,False
-0.15,0.2598,0.3,120,0.31,30,False,-31,True,1,True
-0.15,0.2598,0.3,120,0.31,60,True,1,True,1,False
-0.15,0.2598,0.3,120,0.31,90,True,1,True,1,False
-0.2121,0.2121,0.3,135,0.1608,0,True,1,False,-31,True
-0.2121,0.2121,0.3,135,0.1608,30,True,1,False,-31,True
-0.2121,0.2121,0.3,135,0.1608,60,True,1,True,1,False
-0.2121,0.2121,0.3,135,0.1608,90,True,1,True,1,False
-0.2121,0.2121,0.3,135,0.2108,0,True,1,False,-31,True
-0.2121,0.2121,0.3,135,0.2108,30,True,1,True,1,False
-0.2121,0.2121,0.3,135,0.2108,60,True,1,True,1,False
-0.2121,0.2121,0.3,135,0.2108,90,True,1,True,1,False
-0.2121,0.2121,0.3,135,0.2608,0,True,1,True,1,False
-0.2121,0.2121,0.3,135,0.2608,30,True,1,True,1,False
-0.2121,0.2121,0.3,135,0.2608,60,True,1,True,1,False
-0.2121,0.2121,0.3,135,0.2608,90,True,1,True,1,False
-0.2121,0.2121,0.3,135,0.31,0,True,1,True,1,False
-0.2121,0.2121,0.3,135,0.31,30,True,1,True,1,False
-0.2121,0.2121,0.3,135,0.31,60,True,1,True,1,False
-0.2121,0.2121,0.3,135,0.31,90,True,1,True,1,False
-0.2598,0.15,0.3,150,0.1608,0,True,1,False,-31,True
-0.2598,0.15,0.3,150,0.1608,30,True,1,False,-31,True
-0.2598,0.15,0.3,150,0.1608,60,True,1,True,1,False
-0.2598,0.15,0.3,150,0.1608,90,True,1,True,1,False
-0.2598,0.15,0.3,150,0.2108,0,True,1,False,-31,True
-0.2598,0.15,0.3,150,0.2108,30,True,1,True,1,False
-0.2598,0.15,0.3,150,0.2108,60,True,1,True,1,False
-0.2598,0.15,0.3,150,0.2108,90,True,1,True,1,False
-0.2598,0.15,0.3,150,0.2608,0,True,1,True,1,False
-0.2598,0.15,0.3,150,0.2608,30,True,1,True,1,False
-0.2598,0.15,0.3,150,0.2608,60,True,1,True,1,False
-0.2598,0.15,0.3,150,0.2608,90,True,1,True,1,False
-0.2598,0.15,0.3,150,0.31,0,True,1,True,1,False
-0.2598,0.15,0.3,150,0.31,30,True,1,True,1,False
-0.2598,0.15,0.3,150,0.31,60,False,-31,True,1,True
-0.2598,0.15,0.3,150,0.31,90,True,1,True,1,False
-0.2898,0.0776,0.3,165,0.1608,0,True,1,False,-31,True
-0.2898,0.0776,0.3,165,0.1608,30,True,1,False,-31,True
-0.2898,0.0776,0.3,165,0.1608,60,True,1,True,1,False
-0.2898,0.0776,0.3,165,0.1608,90,True,1,True,1,False
-0.2898,0.0776,0.3,165,0.2108,0,True,1,False,-31,True
-0.2898,0.0776,0.3,165,0.2108,30,True,1,True,1,False
-0.2898,0.0776,0.3,165,0.2108,60,True,1,True,1,False
-0.2898,0.0776,0.3,165,0.2108,90,True,1,True,1,False
-0.2898,0.0776,0.3,165,0.2608,0,True,1,True,1,False
-0.2898,0.0776,0.3,165,0.2608,30,True,1,True,1,False
-0.2898,0.0776,0.3,165,0.2608,60,True,1,True,1,False
-0.2898,0.0776,0.3,165,0.2608,90,True,1,True,1,False
-0.2898,0.0776,0.3,165,0.31,0,True,1,True,1,False
-0.2898,0.0776,0.3,165,0.31,30,True,1,True,1,False
-0.2898,0.0776,0.3,165,0.31,60,True,1,True,1,False
-0.2898,0.0776,0.3,165,0.31,90,True,1,True,1,False
-0.35,-0.0,0.35,-180,0.1608,0,True,1,True,1,False
-0.35,-0.0,0.35,-180,0.1608,30,True,1,True,1,False
-0.35,-0.0,0.35,-180,0.1608,60,True,1,True,1,False
-0.35,-0.0,0.35,-180,0.1608,90,True,1,True,1,False
-0.35,-0.0,0.35,-180,0.2108,0,True,1,True,1,False
-0.35,-0.0,0.35,-180,0.2108,30,True,1,True,1,False
-0.35,-0.0,0.35,-180,0.2108,60,True,1,True,1,False
-0.35,-0.0,0.35,-180,0.2108,90,True,1,True,1,False
-0.35,-0.0,0.35,-180,0.2608,0,True,1,True,1,False
-0.35,-0.0,0.35,-180,0.2608,30,True,1,True,1,False
-0.35,-0.0,0.35,-180,0.2608,60,True,1,True,1,False
-0.35,-0.0,0.35,-180,0.2608,90,True,1,True,1,False
-0.35,-0.0,0.35,-180,0.31,0,True,1,True,1,False
-0.35,-0.0,0.35,-180,0.31,30,True,1,True,1,False
-0.35,-0.0,0.35,-180,0.31,60,True,1,True,1,False
-0.35,-0.0,0.35,-180,0.31,90,False,-31,True,1,True
-0.3381,-0.0906,0.35,-165,0.1608,0,True,1,True,1,False
-0.3381,-0.0906,0.35,-165,0.1608,30,True,1,True,1,False
-0.3381,-0.0906,0.35,-165,0.1608,60,True,1,True,1,False
-0.3381,-0.0906,0.35,-165,0.1608,90,True,1,True,1,False
-0.3381,-0.0906,0.35,-165,0.2108,0,True,1,True,1,False
-0.3381,-0.0906,0.35,-165,0.2108,30,True,1,True,1,False
-0.3381,-0.0906,0.35,-165,0.2108,60,True,1,True,1,False
-0.3381,-0.0906,0.35,-165,0.2108,90,True,1,True,1,False
-0.3381,-0.0906,0.35,-165,0.2608,0,True,1,True,1,False
-0.3381,-0.0906,0.35,-165,0.2608,30,True,1,True,1,False
-0.3381,-0.0906,0.35,-165,0.2608,60,True,1,True,1,False
-0.3381,-0.0906,0.35,-165,0.2608,90,True,1,True,1,False
-0.3381,-0.0906,0.35,-165,0.31,0,True,1,True,1,False
-0.3381,-0.0906,0.35,-165,0.31,30,True,1,True,1,False
-0.3381,-0.0906,0.35,-165,0.31,60,True,1,True,1,False
-0.3381,-0.0906,0.35,-165,0.31,90,True,1,True,1,False
-0.3031,-0.175,0.35,-150,0.1608,0,True,1,True,1,False
-0.3031,-0.175,0.35,-150,0.1608,30,True,1,True,1,False
-0.3031,-0.175,0.35,-150,0.1608,60,True,1,True,1,False
-0.3031,-0.175,0.35,-150,0.1608,90,True,1,True,1,False
-0.3031,-0.175,0.35,-150,0.2108,0,True,1,True,1,False
-0.3031,-0.175,0.35,-150,0.2108,30,True,1,True,1,False
-0.3031,-0.175,0.35,-150,0.2108,60,True,1,True,1,False
-0.3031,-0.175,0.35,-150,0.2108,90,True,1,True,1,False
-0.3031,-0.175,0.35,-150,0.2608,0,True,1,True,1,False
-0.3031,-0.175,0.35,-150,0.2608,30,True,1,True,1,False
-0.3031,-0.175,0.35,-150,0.2608,60,True,1,True,1,False
-0.3031,-0.175,0.35,-150,0.2608,90,True,1,True,1,False
-0.3031,-0.175,0.35,-150,0.31,0,True,1,True,1,False
-0.3031,-0.175,0.35,-150,0.31,30,True,1,True,1,False
-0.3031,-0.175,0.35,-150,0.31,60,True,1,True,1,False
-0.3031,-0.175,0.35,-150,0.31,90,True,1,True,1,False
-0.2475,-0.2475,0.35,-135,0.1608,0,True,1,True,1,False
-0.2475,-0.2475,0.35,-135,0.1608,30,True,1,True,1,False
-0.2475,-0.2475,0.35,-135,0.1608,60,True,1,True,1,False
-0.2475,-0.2475,0.35,-135,0.1608,90,True,1,True,1,False
-0.2475,-0.2475,0.35,-135,0.2108,0,True,1,True,1,False
-0.2475,-0.2475,0.35,-135,0.2108,30,True,1,True,1,False
-0.2475,-0.2475,0.35,-135,0.2108,60,True,1,True,1,False
-0.2475,-0.2475,0.35,-135,0.2108,90,True,1,True,1,False
-0.2475,-0.2475,0.35,-135,0.2608,0,True,1,True,1,False
-0.2475,-0.2475,0.35,-135,0.2608,30,True,1,True,1,False
-0.2475,-0.2475,0.35,-135,0.2608,60,True,1,True,1,False
-0.2475,-0.2475,0.35,-135,0.2608,90,True,1,True,1,False
-0.2475,-0.2475,0.35,-135,0.31,0,True,1,True,1,False
-0.2475,-0.2475,0.35,-135,0.31,30,True,1,True,1,False
-0.2475,-0.2475,0.35,-135,0.31,60,True,1,True,1,False
-0.2475,-0.2475,0.35,-135,0.31,90,True,1,True,1,False
-0.175,-0.3031,0.35,-120,0.1608,0,True,1,True,1,False
-0.175,-0.3031,0.35,-120,0.1608,30,True,1,True,1,False
-0.175,-0.3031,0.35,-120,0.1608,60,True,1,True,1,False
-0.175,-0.3031,0.35,-120,0.1608,90,True,1,True,1,False
-0.175,-0.3031,0.35,-120,0.2108,0,True,1,True,1,False
-0.175,-0.3031,0.35,-120,0.2108,30,True,1,True,1,False
-0.175,-0.3031,0.35,-120,0.2108,60,True,1,True,1,False
-0.175,-0.3031,0.35,-120,0.2108,90,True,1,True,1,False
-0.175,-0.3031,0.35,-120,0.2608,0,True,1,True,1,False
-0.175,-0.3031,0.35,-120,0.2608,30,True,1,True,1,False
-0.175,-0.3031,0.35,-120,0.2608,60,True,1,True,1,False
-0.175,-0.3031,0.35,-120,0.2608,90,True,1,True,1,False
-0.175,-0.3031,0.35,-120,0.31,0,True,1,True,1,False
-0.175,-0.3031,0.35,-120,0.31,30,True,1,True,1,False
-0.175,-0.3031,0.35,-120,0.31,60,True,1,True,1,False
-0.175,-0.3031,0.35,-120,0.31,90,True,1,True,1,False
-0.0906,-0.3381,0.35,-105,0.1608,0,True,1,True,1,False
-0.0906,-0.3381,0.35,-105,0.1608,30,True,1,True,1,False
-0.0906,-0.3381,0.35,-105,0.1608,60,True,1,True,1,False
-0.0906,-0.3381,0.35,-105,0.1608,90,True,1,True,1,False
-0.0906,-0.3381,0.35,-105,0.2108,0,True,1,True,1,False
-0.0906,-0.3381,0.35,-105,0.2108,30,True,1,True,1,False
-0.0906,-0.3381,0.35,-105,0.2108,60,True,1,True,1,False
-0.0906,-0.3381,0.35,-105,0.2108,90,True,1,True,1,False
-0.0906,-0.3381,0.35,-105,0.2608,0,True,1,True,1,False
-0.0906,-0.3381,0.35,-105,0.2608,30,True,1,True,1,False
-0.0906,-0.3381,0.35,-105,0.2608,60,True,1,True,1,False
-0.0906,-0.3381,0.35,-105,0.2608,90,True,1,True,1,False
-0.0906,-0.3381,0.35,-105,0.31,0,True,1,True,1,False
-0.0906,-0.3381,0.35,-105,0.31,30,True,1,True,1,False
-0.0906,-0.3381,0.35,-105,0.31,60,True,1,True,1,False
-0.0906,-0.3381,0.35,-105,0.31,90,True,1,True,1,False
0.0,-0.35,0.35,-90,0.1608,0,True,1,True,1,False
0.0,-0.35,0.35,-90,0.1608,30,True,1,True,1,False
0.0,-0.35,0.35,-90,0.1608,60,True,1,True,1,False
0.0,-0.35,0.35,-90,0.1608,90,True,1,True,1,False
0.0,-0.35,0.35,-90,0.2108,0,True,1,True,1,False
0.0,-0.35,0.35,-90,0.2108,30,True,1,True,1,False
0.0,-0.35,0.35,-90,0.2108,60,True,1,True,1,False
0.0,-0.35,0.35,-90,0.2108,90,True,1,True,1,False
0.0,-0.35,0.35,-90,0.2608,0,True,1,True,1,False
0.0,-0.35,0.35,-90,0.2608,30,True,1,True,1,False
0.0,-0.35,0.35,-90,0.2608,60,True,1,True,1,False
0.0,-0.35,0.35,-90,0.2608,90,True,1,True,1,False
0.0,-0.35,0.35,-90,0.31,0,True,1,True,1,False
0.0,-0.35,0.35,-90,0.31,30,True,1,True,1,False
0.0,-0.35,0.35,-90,0.31,60,True,1,True,1,False
0.0,-0.35,0.35,-90,0.31,90,True,1,True,1,False
0.0906,-0.3381,0.35,-75,0.1608,0,True,1,True,1,False
0.0906,-0.3381,0.35,-75,0.1608,30,True,1,True,1,False
0.0906,-0.3381,0.35,-75,0.1608,60,True,1,True,1,False
0.0906,-0.3381,0.35,-75,0.1608,90,True,1,True,1,False
0.0906,-0.3381,0.35,-75,0.2108,0,True,1,True,1,False
0.0906,-0.3381,0.35,-75,0.2108,30,True,1,True,1,False
0.0906,-0.3381,0.35,-75,0.2108,60,True,1,True,1,False
0.0906,-0.3381,0.35,-75,0.2108,90,True,1,True,1,False
0.0906,-0.3381,0.35,-75,0.2608,0,True,1,True,1,False
0.0906,-0.3381,0.35,-75,0.2608,30,True,1,True,1,False
0.0906,-0.3381,0.35,-75,0.2608,60,True,1,True,1,False
0.0906,-0.3381,0.35,-75,0.2608,90,True,1,True,1,False
0.0906,-0.3381,0.35,-75,0.31,0,True,1,True,1,False
0.0906,-0.3381,0.35,-75,0.31,30,True,1,True,1,False
0.0906,-0.3381,0.35,-75,0.31,60,True,1,True,1,False
0.0906,-0.3381,0.35,-75,0.31,90,True,1,True,1,False
0.175,-0.3031,0.35,-60,0.1608,0,True,1,True,1,False
0.175,-0.3031,0.35,-60,0.1608,30,True,1,True,1,False
0.175,-0.3031,0.35,-60,0.1608,60,True,1,True,1,False
0.175,-0.3031,0.35,-60,0.1608,90,True,1,True,1,False
0.175,-0.3031,0.35,-60,0.2108,0,True,1,True,1,False
0.175,-0.3031,0.35,-60,0.2108,30,True,1,True,1,False
0.175,-0.3031,0.35,-60,0.2108,60,True,1,True,1,False
0.175,-0.3031,0.35,-60,0.2108,90,True,1,True,1,False
0.175,-0.3031,0.35,-60,0.2608,0,True,1,True,1,False
0.175,-0.3031,0.35,-60,0.2608,30,True,1,True,1,False
0.175,-0.3031,0.35,-60,0.2608,60,True,1,True,1,False
0.175,-0.3031,0.35,-60,0.2608,90,True,1,True,1,False
0.175,-0.3031,0.35,-60,0.31,0,True,1,True,1,False
0.175,-0.3031,0.35,-60,0.31,30,True,1,True,1,False
0.175,-0.3031,0.35,-60,0.31,60,True,1,True,1,False
0.175,-0.3031,0.35,-60,0.31,90,True,1,True,1,False
0.2475,-0.2475,0.35,-45,0.1608,0,True,1,True,1,False
0.2475,-0.2475,0.35,-45,0.1608,30,True,1,True,1,False
0.2475,-0.2475,0.35,-45,0.1608,60,True,1,True,1,False
0.2475,-0.2475,0.35,-45,0.1608,90,True,1,True,1,False
0.2475,-0.2475,0.35,-45,0.2108,0,True,1,True,1,False
0.2475,-0.2475,0.35,-45,0.2108,30,True,1,True,1,False
0.2475,-0.2475,0.35,-45,0.2108,60,True,1,True,1,False
0.2475,-0.2475,0.35,-45,0.2108,90,True,1,True,1,False
0.2475,-0.2475,0.35,-45,0.2608,0,True,1,True,1,False
0.2475,-0.2475,0.35,-45,0.2608,30,True,1,True,1,False
0.2475,-0.2475,0.35,-45,0.2608,60,True,1,True,1,False
0.2475,-0.2475,0.35,-45,0.2608,90,True,1,True,1,False
0.2475,-0.2475,0.35,-45,0.31,0,True,1,True,1,False
0.2475,-0.2475,0.35,-45,0.31,30,True,1,True,1,False
0.2475,-0.2475,0.35,-45,0.31,60,True,1,True,1,False
0.2475,-0.2475,0.35,-45,0.31,90,True,1,True,1,False
0.3031,-0.175,0.35,-30,0.1608,0,True,1,True,1,False
0.3031,-0.175,0.35,-30,0.1608,30,True,1,True,1,False
0.3031,-0.175,0.35,-30,0.1608,60,True,1,True,1,False
0.3031,-0.175,0.35,-30,0.1608,90,True,1,True,1,False
0.3031,-0.175,0.35,-30,0.2108,0,True,1,True,1,False
0.3031,-0.175,0.35,-30,0.2108,30,True,1,True,1,False
0.3031,-0.175,0.35,-30,0.2108,60,True,1,True,1,False
0.3031,-0.175,0.35,-30,0.2108,90,True,1,True,1,False
0.3031,-0.175,0.35,-30,0.2608,0,True,1,True,1,False
0.3031,-0.175,0.35,-30,0.2608,30,True,1,True,1,False
0.3031,-0.175,0.35,-30,0.2608,60,True,1,True,1,False
0.3031,-0.175,0.35,-30,0.2608,90,True,1,True,1,False
0.3031,-0.175,0.35,-30,0.31,0,True,1,True,1,False
0.3031,-0.175,0.35,-30,0.31,30,True,1,True,1,False
0.3031,-0.175,0.35,-30,0.31,60,True,1,True,1,False
0.3031,-0.175,0.35,-30,0.31,90,True,1,True,1,False
0.3381,-0.0906,0.35,-15,0.1608,0,True,1,True,1,False
0.3381,-0.0906,0.35,-15,0.1608,30,True,1,True,1,False
0.3381,-0.0906,0.35,-15,0.1608,60,True,1,True,1,False
0.3381,-0.0906,0.35,-15,0.1608,90,True,1,True,1,False
0.3381,-0.0906,0.35,-15,0.2108,0,True,1,True,1,False
0.3381,-0.0906,0.35,-15,0.2108,30,True,1,True,1,False
0.3381,-0.0906,0.35,-15,0.2108,60,True,1,True,1,False
0.3381,-0.0906,0.35,-15,0.2108,90,True,1,True,1,False
0.3381,-0.0906,0.35,-15,0.2608,0,True,1,True,1,False
0.3381,-0.0906,0.35,-15,0.2608,30,True,1,True,1,False
0.3381,-0.0906,0.35,-15,0.2608,60,True,1,True,1,False
0.3381,-0.0906,0.35,-15,0.2608,90,True,1,True,1,False
0.3381,-0.0906,0.35,-15,0.31,0,True,1,True,1,False
0.3381,-0.0906,0.35,-15,0.31,30,True,1,True,1,False
0.3381,-0.0906,0.35,-15,0.31,60,True,1,True,1,False
0.3381,-0.0906,0.35,-15,0.31,90,True,1,True,1,False
0.35,0.0,0.35,0,0.1608,0,True,1,True,1,False
0.35,0.0,0.35,0,0.1608,30,True,1,True,1,False
0.35,0.0,0.35,0,0.1608,60,True,1,True,1,False
0.35,0.0,0.35,0,0.1608,90,True,1,True,1,False
0.35,0.0,0.35,0,0.2108,0,True,1,True,1,False
0.35,0.0,0.35,0,0.2108,30,True,1,True,1,False
0.35,0.0,0.35,0,0.2108,60,True,1,True,1,False
0.35,0.0,0.35,0,0.2108,90,True,1,True,1,False
0.35,0.0,0.35,0,0.2608,0,True,1,True,1,False
0.35,0.0,0.35,0,0.2608,30,True,1,True,1,False
0.35,0.0,0.35,0,0.2608,60,True,1,True,1,False
0.35,0.0,0.35,0,0.2608,90,True,1,True,1,False
0.35,0.0,0.35,0,0.31,0,True,1,True,1,False
0.35,0.0,0.35,0,0.31,30,True,1,True,1,False
0.35,0.0,0.35,0,0.31,60,True,1,True,1,False
0.35,0.0,0.35,0,0.31,90,True,1,True,1,False
0.3381,0.0906,0.35,15,0.1608,0,True,1,True,1,False
0.3381,0.0906,0.35,15,0.1608,30,True,1,True,1,False
0.3381,0.0906,0.35,15,0.1608,60,True,1,True,1,False
0.3381,0.0906,0.35,15,0.1608,90,True,1,True,1,False
0.3381,0.0906,0.35,15,0.2108,0,True,1,True,1,False
0.3381,0.0906,0.35,15,0.2108,30,True,1,True,1,False
0.3381,0.0906,0.35,15,0.2108,60,True,1,True,1,False
0.3381,0.0906,0.35,15,0.2108,90,True,1,True,1,False
0.3381,0.0906,0.35,15,0.2608,0,True,1,True,1,False
0.3381,0.0906,0.35,15,0.2608,30,True,1,True,1,False
0.3381,0.0906,0.35,15,0.2608,60,True,1,True,1,False
0.3381,0.0906,0.35,15,0.2608,90,True,1,True,1,False
0.3381,0.0906,0.35,15,0.31,0,True,1,True,1,False
0.3381,0.0906,0.35,15,0.31,30,True,1,True,1,False
0.3381,0.0906,0.35,15,0.31,60,True,1,True,1,False
0.3381,0.0906,0.35,15,0.31,90,True,1,True,1,False
0.3031,0.175,0.35,30,0.1608,0,True,1,True,1,False
0.3031,0.175,0.35,30,0.1608,30,True,1,True,1,False
0.3031,0.175,0.35,30,0.1608,60,True,1,True,1,False
0.3031,0.175,0.35,30,0.1608,90,True,1,True,1,False
0.3031,0.175,0.35,30,0.2108,0,True,1,True,1,False
0.3031,0.175,0.35,30,0.2108,30,True,1,True,1,False
0.3031,0.175,0.35,30,0.2108,60,True,1,True,1,False
0.3031,0.175,0.35,30,0.2108,90,True,1,True,1,False
0.3031,0.175,0.35,30,0.2608,0,True,1,True,1,False
0.3031,0.175,0.35,30,0.2608,30,True,1,True,1,False
0.3031,0.175,0.35,30,0.2608,60,True,1,True,1,False
0.3031,0.175,0.35,30,0.2608,90,True,1,True,1,False
0.3031,0.175,0.35,30,0.31,0,True,1,True,1,False
0.3031,0.175,0.35,30,0.31,30,True,1,True,1,False
0.3031,0.175,0.35,30,0.31,60,True,1,True,1,False
0.3031,0.175,0.35,30,0.31,90,True,1,True,1,False
0.2475,0.2475,0.35,45,0.1608,0,True,1,True,1,False
0.2475,0.2475,0.35,45,0.1608,30,True,1,True,1,False
0.2475,0.2475,0.35,45,0.1608,60,True,1,True,1,False
0.2475,0.2475,0.35,45,0.1608,90,True,1,True,1,False
0.2475,0.2475,0.35,45,0.2108,0,True,1,True,1,False
0.2475,0.2475,0.35,45,0.2108,30,True,1,True,1,False
0.2475,0.2475,0.35,45,0.2108,60,True,1,True,1,False
0.2475,0.2475,0.35,45,0.2108,90,True,1,True,1,False
0.2475,0.2475,0.35,45,0.2608,0,True,1,True,1,False
0.2475,0.2475,0.35,45,0.2608,30,True,1,True,1,False
0.2475,0.2475,0.35,45,0.2608,60,True,1,True,1,False
0.2475,0.2475,0.35,45,0.2608,90,True,1,True,1,False
0.2475,0.2475,0.35,45,0.31,0,True,1,True,1,False
0.2475,0.2475,0.35,45,0.31,30,True,1,True,1,False
0.2475,0.2475,0.35,45,0.31,60,True,1,True,1,False
0.2475,0.2475,0.35,45,0.31,90,True,1,True,1,False
0.175,0.3031,0.35,60,0.1608,0,True,1,True,1,False
0.175,0.3031,0.35,60,0.1608,30,True,1,True,1,False
0.175,0.3031,0.35,60,0.1608,60,True,1,True,1,False
0.175,0.3031,0.35,60,0.1608,90,True,1,True,1,False
0.175,0.3031,0.35,60,0.2108,0,True,1,True,1,False
0.175,0.3031,0.35,60,0.2108,30,True,1,True,1,False
0.175,0.3031,0.35,60,0.2108,60,True,1,True,1,False
0.175,0.3031,0.35,60,0.2108,90,True,1,True,1,False
0.175,0.3031,0.35,60,0.2608,0,True,1,True,1,False
0.175,0.3031,0.35,60,0.2608,30,True,1,True,1,False
0.175,0.3031,0.35,60,0.2608,60,True,1,True,1,False
0.175,0.3031,0.35,60,0.2608,90,True,1,True,1,False
0.175,0.3031,0.35,60,0.31,0,True,1,True,1,False
0.175,0.3031,0.35,60,0.31,30,True,1,True,1,False
0.175,0.3031,0.35,60,0.31,60,True,1,True,1,False
0.175,0.3031,0.35,60,0.31,90,True,1,True,1,False
0.0906,0.3381,0.35,75,0.1608,0,True,1,True,1,False
0.0906,0.3381,0.35,75,0.1608,30,True,1,True,1,False
0.0906,0.3381,0.35,75,0.1608,60,True,1,True,1,False
0.0906,0.3381,0.35,75,0.1608,90,True,1,True,1,False
0.0906,0.3381,0.35,75,0.2108,0,True,1,True,1,False
0.0906,0.3381,0.35,75,0.2108,30,True,1,True,1,False
0.0906,0.3381,0.35,75,0.2108,60,True,1,True,1,False
0.0906,0.3381,0.35,75,0.2108,90,True,1,True,1,False
0.0906,0.3381,0.35,75,0.2608,0,True,1,True,1,False
0.0906,0.3381,0.35,75,0.2608,30,True,1,True,1,False
0.0906,0.3381,0.35,75,0.2608,60,True,1,True,1,False
0.0906,0.3381,0.35,75,0.2608,90,True,1,True,1,False
0.0906,0.3381,0.35,75,0.31,0,True,1,True,1,False
0.0906,0.3381,0.35,75,0.31,30,True,1,True,1,False
0.0906,0.3381,0.35,75,0.31,60,True,1,True,1,False
0.0906,0.3381,0.35,75,0.31,90,True,1,True,1,False
0.0,0.35,0.35,90,0.1608,0,True,1,True,1,False
0.0,0.35,0.35,90,0.1608,30,True,1,True,1,False
0.0,0.35,0.35,90,0.1608,60,True,1,True,1,False
0.0,0.35,0.35,90,0.1608,90,True,1,True,1,False
0.0,0.35,0.35,90,0.2108,0,True,1,True,1,False
0.0,0.35,0.35,90,0.2108,30,True,1,True,1,False
0.0,0.35,0.35,90,0.2108,60,True,1,True,1,False
0.0,0.35,0.35,90,0.2108,90,True,1,True,1,False
0.0,0.35,0.35,90,0.2608,0,True,1,True,1,False
0.0,0.35,0.35,90,0.2608,30,True,1,True,1,False
0.0,0.35,0.35,90,0.2608,60,True,1,True,1,False
0.0,0.35,0.35,90,0.2608,90,True,1,True,1,False
0.0,0.35,0.35,90,0.31,0,False,-31,True,1,True
0.0,0.35,0.35,90,0.31,30,True,1,True,1,False
0.0,0.35,0.35,90,0.31,60,True,1,True,1,False
0.0,0.35,0.35,90,0.31,90,True,1,True,1,False
-0.0906,0.3381,0.35,105,0.1608,0,True,1,True,1,False
-0.0906,0.3381,0.35,105,0.1608,30,True,1,True,1,False
-0.0906,0.3381,0.35,105,0.1608,60,True,1,True,1,False
-0.0906,0.3381,0.35,105,0.1608,90,True,1,True,1,False
-0.0906,0.3381,0.35,105,0.2108,0,True,1,True,1,False
-0.0906,0.3381,0.35,105,0.2108,30,True,1,True,1,False
-0.0906,0.3381,0.35,105,0.2108,60,True,1,True,1,False
-0.0906,0.3381,0.35,105,0.2108,90,True,1,True,1,False
-0.0906,0.3381,0.35,105,0.2608,0,True,1,True,1,False
-0.0906,0.3381,0.35,105,0.2608,30,True,1,True,1,False
-0.0906,0.3381,0.35,105,0.2608,60,True,1,True,1,False
-0.0906,0.3381,0.35,105,0.2608,90,True,1,True,1,False
-0.0906,0.3381,0.35,105,0.31,0,True,1,True,1,False
-0.0906,0.3381,0.35,105,0.31,30,True,1,True,1,False
-0.0906,0.3381,0.35,105,0.31,60,True,1,True,1,False
-0.0906,0.3381,0.35,105,0.31,90,True,1,True,1,False
-0.175,0.3031,0.35,120,0.1608,0,True,1,True,1,False
-0.175,0.3031,0.35,120,0.1608,30,True,1,True,1,False
-0.175,0.3031,0.35,120,0.1608,60,True,1,True,1,False
-0.175,0.3031,0.35,120,0.1608,90,True,1,True,1,False
-0.175,0.3031,0.35,120,0.2108,0,True,1,True,1,False
-0.175,0.3031,0.35,120,0.2108,30,True,1,True,1,False
-0.175,0.3031,0.35,120,0.2108,60,True,1,True,1,False
-0.175,0.3031,0.35,120,0.2108,90,True,1,True,1,False
-0.175,0.3031,0.35,120,0.2608,0,True,1,True,1,False
-0.175,0.3031,0.35,120,0.2608,30,True,1,True,1,False
-0.175,0.3031,0.35,120,0.2608,60,True,1,True,1,False
-0.175,0.3031,0.35,120,0.2608,90,True,1,True,1,False
-0.175,0.3031,0.35,120,0.31,0,True,1,True,1,False
-0.175,0.3031,0.35,120,0.31,30,False,-31,True,1,True
-0.175,0.3031,0.35,120,0.31,60,True,1,True,1,False
-0.175,0.3031,0.35,120,0.31,90,True,1,True,1,False
-0.2475,0.2475,0.35,135,0.1608,0,True,1,True,1,False
-0.2475,0.2475,0.35,135,0.1608,30,True,1,True,1,False
-0.2475,0.2475,0.35,135,0.1608,60,True,1,True,1,False
-0.2475,0.2475,0.35,135,0.1608,90,True,1,True,1,False
-0.2475,0.2475,0.35,135,0.2108,0,True,1,True,1,False
-0.2475,0.2475,0.35,135,0.2108,30,True,1,True,1,False
-0.2475,0.2475,0.35,135,0.2108,60,True,1,True,1,False
-0.2475,0.2475,0.35,135,0.2108,90,True,1,True,1,False
-0.2475,0.2475,0.35,135,0.2608,0,True,1,True,1,False
-0.2475,0.2475,0.35,135,0.2608,30,True,1,True,1,False
-0.2475,0.2475,0.35,135,0.2608,60,True,1,True,1,False
-0.2475,0.2475,0.35,135,0.2608,90,True,1,True,1,False
-0.2475,0.2475,0.35,135,0.31,0,True,1,True,1,False
-0.2475,0.2475,0.35,135,0.31,30,True,1,True,1,False
-0.2475,0.2475,0.35,135,0.31,60,True,1,True,1,False
-0.2475,0.2475,0.35,135,0.31,90,True,1,True,1,False
-0.3031,0.175,0.35,150,0.1608,0,True,1,True,1,False
-0.3031,0.175,0.35,150,0.1608,30,True,1,True,1,False
-0.3031,0.175,0.35,150,0.1608,60,True,1,True,1,False
-0.3031,0.175,0.35,150,0.1608,90,True,1,True,1,False
-0.3031,0.175,0.35,150,0.2108,0,True,1,True,1,False
-0.3031,0.175,0.35,150,0.2108,30,True,1,True,1,False
-0.3031,0.175,0.35,150,0.2108,60,True,1,True,1,False
-0.3031,0.175,0.35,150,0.2108,90,True,1,True,1,False
-0.3031,0.175,0.35,150,0.2608,0,True,1,True,1,False
-0.3031,0.175,0.35,150,0.2608,30,True,1,True,1,False
-0.3031,0.175,0.35,150,0.2608,60,True,1,True,1,False
-0.3031,0.175,0.35,150,0.2608,90,True,1,True,1,False
-0.3031,0.175,0.35,150,0.31,0,True,1,True,1,False
-0.3031,0.175,0.35,150,0.31,30,True,1,True,1,False
-0.3031,0.175,0.35,150,0.31,60,False,-31,True,1,True
-0.3031,0.175,0.35,150,0.31,90,True,1,True,1,False
-0.3381,0.0906,0.35,165,0.1608,0,True,1,True,1,False
-0.3381,0.0906,0.35,165,0.1608,30,True,1,True,1,False
-0.3381,0.0906,0.35,165,0.1608,60,True,1,True,1,False
-0.3381,0.0906,0.35,165,0.1608,90,True,1,True,1,False
-0.3381,0.0906,0.35,165,0.2108,0,True,1,True,1,False
-0.3381,0.0906,0.35,165,0.2108,30,True,1,True,1,False
-0.3381,0.0906,0.35,165,0.2108,60,True,1,True,1,False
-0.3381,0.0906,0.35,165,0.2108,90,True,1,True,1,False
-0.3381,0.0906,0.35,165,0.2608,0,True,1,True,1,False
-0.3381,0.0906,0.35,165,0.2608,30,True,1,True,1,False
-0.3381,0.0906,0.35,165,0.2608,60,True,1,True,1,False
-0.3381,0.0906,0.35,165,0.2608,90,True,1,True,1,False
-0.3381,0.0906,0.35,165,0.31,0,True,1,True,1,False
-0.3381,0.0906,0.35,165,0.31,30,True,1,True,1,False
-0.3381,0.0906,0.35,165,0.31,60,True,1,True,1,False
-0.3381,0.0906,0.35,165,0.31,90,True,1,True,1,False
-0.4,-0.0,0.4,-180,0.1608,0,True,1,True,1,False
-0.4,-0.0,0.4,-180,0.1608,30,True,1,True,1,False
-0.4,-0.0,0.4,-180,0.1608,60,True,1,True,1,False
-0.4,-0.0,0.4,-180,0.1608,90,True,1,True,1,False
-0.4,-0.0,0.4,-180,0.2108,0,True,1,True,1,False
-0.4,-0.0,0.4,-180,0.2108,30,True,1,True,1,False
-0.4,-0.0,0.4,-180,0.2108,60,True,1,True,1,False
-0.4,-0.0,0.4,-180,0.2108,90,False,-31,True,1,True
-0.4,-0.0,0.4,-180,0.2608,0,True,1,True,1,False
-0.4,-0.0,0.4,-180,0.2608,30,True,1,True,1,False
-0.4,-0.0,0.4,-180,0.2608,60,True,1,True,1,False
-0.4,-0.0,0.4,-180,0.2608,90,False,-31,True,1,True
-0.4,-0.0,0.4,-180,0.31,0,True,1,True,1,False
-0.4,-0.0,0.4,-180,0.31,30,True,1,True,1,False
-0.4,-0.0,0.4,-180,0.31,60,True,1,True,1,False
-0.4,-0.0,0.4,-180,0.31,90,False,-31,True,1,True
-0.3864,-0.1035,0.4,-165,0.1608,0,True,1,True,1,False
-0.3864,-0.1035,0.4,-165,0.1608,30,True,1,True,1,False
-0.3864,-0.1035,0.4,-165,0.1608,60,True,1,True,1,False
-0.3864,-0.1035,0.4,-165,0.1608,90,True,1,True,1,False
-0.3864,-0.1035,0.4,-165,0.2108,0,True,1,True,1,False
-0.3864,-0.1035,0.4,-165,0.2108,30,True,1,True,1,False
-0.3864,-0.1035,0.4,-165,0.2108,60,True,1,True,1,False
-0.3864,-0.1035,0.4,-165,0.2108,90,True,1,True,1,False
-0.3864,-0.1035,0.4,-165,0.2608,0,True,1,True,1,False
-0.3864,-0.1035,0.4,-165,0.2608,30,True,1,True,1,False
-0.3864,-0.1035,0.4,-165,0.2608,60,True,1,True,1,False
-0.3864,-0.1035,0.4,-165,0.2608,90,True,1,True,1,False
-0.3864,-0.1035,0.4,-165,0.31,0,True,1,True,1,False
-0.3864,-0.1035,0.4,-165,0.31,30,True,1,True,1,False
-0.3864,-0.1035,0.4,-165,0.31,60,True,1,True,1,False
-0.3864,-0.1035,0.4,-165,0.31,90,True,1,True,1,False
-0.3464,-0.2,0.4,-150,0.1608,0,True,1,True,1,False
-0.3464,-0.2,0.4,-150,0.1608,30,True,1,True,1,False
-0.3464,-0.2,0.4,-150,0.1608,60,True,1,True,1,False
-0.3464,-0.2,0.4,-150,0.1608,90,True,1,True,1,False
-0.3464,-0.2,0.4,-150,0.2108,0,True,1,True,1,False
-0.3464,-0.2,0.4,-150,0.2108,30,True,1,True,1,False
-0.3464,-0.2,0.4,-150,0.2108,60,True,1,True,1,False
-0.3464,-0.2,0.4,-150,0.2108,90,True,1,True,1,False
-0.3464,-0.2,0.4,-150,0.2608,0,True,1,True,1,False
-0.3464,-0.2,0.4,-150,0.2608,30,True,1,True,1,False
-0.3464,-0.2,0.4,-150,0.2608,60,True,1,True,1,False
-0.3464,-0.2,0.4,-150,0.2608,90,True,1,True,1,False
-0.3464,-0.2,0.4,-150,0.31,0,True,1,True,1,False
-0.3464,-0.2,0.4,-150,0.31,30,True,1,True,1,False
-0.3464,-0.2,0.4,-150,0.31,60,True,1,True,1,False
-0.3464,-0.2,0.4,-150,0.31,90,True,1,True,1,False
-0.2828,-0.2828,0.4,-135,0.1608,0,True,1,True,1,False
-0.2828,-0.2828,0.4,-135,0.1608,30,True,1,True,1,False
-0.2828,-0.2828,0.4,-135,0.1608,60,True,1,True,1,False
-0.2828,-0.2828,0.4,-135,0.1608,90,True,1,True,1,False
-0.2828,-0.2828,0.4,-135,0.2108,0,True,1,True,1,False
-0.2828,-0.2828,0.4,-135,0.2108,30,True,1,True,1,False
-0.2828,-0.2828,0.4,-135,0.2108,60,True,1,True,1,False
-0.2828,-0.2828,0.4,-135,0.2108,90,True,1,True,1,False
-0.2828,-0.2828,0.4,-135,0.2608,0,True,1,True,1,False
-0.2828,-0.2828,0.4,-135,0.2608,30,True,1,True,1,False
-0.2828,-0.2828,0.4,-135,0.2608,60,True,1,True,1,False
-0.2828,-0.2828,0.4,-135,0.2608,90,True,1,True,1,False
-0.2828,-0.2828,0.4,-135,0.31,0,True,1,True,1,False
-0.2828,-0.2828,0.4,-135,0.31,30,True,1,True,1,False
-0.2828,-0.2828,0.4,-135,0.31,60,True,1,True,1,False
-0.2828,-0.2828,0.4,-135,0.31,90,True,1,True,1,False
-0.2,-0.3464,0.4,-120,0.1608,0,True,1,True,1,False
-0.2,-0.3464,0.4,-120,0.1608,30,True,1,True,1,False
-0.2,-0.3464,0.4,-120,0.1608,60,True,1,True,1,False
-0.2,-0.3464,0.4,-120,0.1608,90,True,1,True,1,False
-0.2,-0.3464,0.4,-120,0.2108,0,True,1,True,1,False
-0.2,-0.3464,0.4,-120,0.2108,30,True,1,True,1,False
-0.2,-0.3464,0.4,-120,0.2108,60,True,1,True,1,False
-0.2,-0.3464,0.4,-120,0.2108,90,True,1,True,1,False
-0.2,-0.3464,0.4,-120,0.2608,0,True,1,True,1,False
-0.2,-0.3464,0.4,-120,0.2608,30,True,1,True,1,False
-0.2,-0.3464,0.4,-120,0.2608,60,True,1,True,1,False
-0.2,-0.3464,0.4,-120,0.2608,90,True,1,True,1,False
-0.2,-0.3464,0.4,-120,0.31,0,True,1,True,1,False
-0.2,-0.3464,0.4,-120,0.31,30,True,1,True,1,False
-0.2,-0.3464,0.4,-120,0.31,60,True,1,True,1,False
-0.2,-0.3464,0.4,-120,0.31,90,True,1,True,1,False
-0.1035,-0.3864,0.4,-105,0.1608,0,True,1,True,1,False
-0.1035,-0.3864,0.4,-105,0.1608,30,True,1,True,1,False
-0.1035,-0.3864,0.4,-105,0.1608,60,True,1,True,1,False
-0.1035,-0.3864,0.4,-105,0.1608,90,True,1,True,1,False
-0.1035,-0.3864,0.4,-105,0.2108,0,True,1,True,1,False
-0.1035,-0.3864,0.4,-105,0.2108,30,True,1,True,1,False
-0.1035,-0.3864,0.4,-105,0.2108,60,True,1,True,1,False
-0.1035,-0.3864,0.4,-105,0.2108,90,True,1,True,1,False
-0.1035,-0.3864,0.4,-105,0.2608,0,True,1,True,1,False
-0.1035,-0.3864,0.4,-105,0.2608,30,True,1,True,1,False
-0.1035,-0.3864,0.4,-105,0.2608,60,True,1,True,1,False
-0.1035,-0.3864,0.4,-105,0.2608,90,True,1,True,1,False
-0.1035,-0.3864,0.4,-105,0.31,0,True,1,True,1,False
-0.1035,-0.3864,0.4,-105,0.31,30,True,1,True,1,False
-0.1035,-0.3864,0.4,-105,0.31,60,True,1,True,1,False
-0.1035,-0.3864,0.4,-105,0.31,90,True,1,True,1,False
0.0,-0.4,0.4,-90,0.1608,0,True,1,True,1,False
0.0,-0.4,0.4,-90,0.1608,30,True,1,True,1,False
0.0,-0.4,0.4,-90,0.1608,60,True,1,True,1,False
0.0,-0.4,0.4,-90,0.1608,90,True,1,True,1,False
0.0,-0.4,0.4,-90,0.2108,0,True,1,True,1,False
0.0,-0.4,0.4,-90,0.2108,30,True,1,True,1,False
0.0,-0.4,0.4,-90,0.2108,60,True,1,True,1,False
0.0,-0.4,0.4,-90,0.2108,90,True,1,True,1,False
0.0,-0.4,0.4,-90,0.2608,0,True,1,True,1,False
0.0,-0.4,0.4,-90,0.2608,30,True,1,True,1,False
0.0,-0.4,0.4,-90,0.2608,60,True,1,True,1,False
0.0,-0.4,0.4,-90,0.2608,90,True,1,True,1,False
0.0,-0.4,0.4,-90,0.31,0,False,-31,True,1,True
0.0,-0.4,0.4,-90,0.31,30,True,1,True,1,False
0.0,-0.4,0.4,-90,0.31,60,True,1,True,1,False
0.0,-0.4,0.4,-90,0.31,90,True,1,True,1,False
0.1035,-0.3864,0.4,-75,0.1608,0,True,1,True,1,False
0.1035,-0.3864,0.4,-75,0.1608,30,True,1,True,1,False
0.1035,-0.3864,0.4,-75,0.1608,60,True,1,True,1,False
0.1035,-0.3864,0.4,-75,0.1608,90,True,1,True,1,False
0.1035,-0.3864,0.4,-75,0.2108,0,True,1,True,1,False
0.1035,-0.3864,0.4,-75,0.2108,30,True,1,True,1,False
0.1035,-0.3864,0.4,-75,0.2108,60,True,1,True,1,False
0.1035,-0.3864,0.4,-75,0.2108,90,True,1,True,1,False
0.1035,-0.3864,0.4,-75,0.2608,0,True,1,True,1,False
0.1035,-0.3864,0.4,-75,0.2608,30,True,1,True,1,False
0.1035,-0.3864,0.4,-75,0.2608,60,True,1,True,1,False
0.1035,-0.3864,0.4,-75,0.2608,90,True,1,True,1,False
0.1035,-0.3864,0.4,-75,0.31,0,True,1,True,1,False
0.1035,-0.3864,0.4,-75,0.31,30,True,1,True,1,False
0.1035,-0.3864,0.4,-75,0.31,60,True,1,True,1,False
0.1035,-0.3864,0.4,-75,0.31,90,True,1,True,1,False
0.2,-0.3464,0.4,-60,0.1608,0,True,1,True,1,False
0.2,-0.3464,0.4,-60,0.1608,30,True,1,True,1,False
0.2,-0.3464,0.4,-60,0.1608,60,True,1,True,1,False
0.2,-0.3464,0.4,-60,0.1608,90,True,1,True,1,False
0.2,-0.3464,0.4,-60,0.2108,0,True,1,True,1,False
0.2,-0.3464,0.4,-60,0.2108,30,True,1,True,1,False
0.2,-0.3464,0.4,-60,0.2108,60,True,1,True,1,False
0.2,-0.3464,0.4,-60,0.2108,90,True,1,True,1,False
0.2,-0.3464,0.4,-60,0.2608,0,True,1,True,1,False
0.2,-0.3464,0.4,-60,0.2608,30,True,1,True,1,False
0.2,-0.3464,0.4,-60,0.2608,60,True,1,True,1,False
0.2,-0.3464,0.4,-60,0.2608,90,True,1,True,1,False
0.2,-0.3464,0.4,-60,0.31,0,True,1,True,1,False
0.2,-0.3464,0.4,-60,0.31,30,False,-31,True,1,True
0.2,-0.3464,0.4,-60,0.31,60,True,1,True,1,False
0.2,-0.3464,0.4,-60,0.31,90,True,1,True,1,False
0.2828,-0.2828,0.4,-45,0.1608,0,True,1,True,1,False
0.2828,-0.2828,0.4,-45,0.1608,30,True,1,True,1,False
0.2828,-0.2828,0.4,-45,0.1608,60,True,1,True,1,False
0.2828,-0.2828,0.4,-45,0.1608,90,True,1,True,1,False
0.2828,-0.2828,0.4,-45,0.2108,0,True,1,True,1,False
0.2828,-0.2828,0.4,-45,0.2108,30,True,1,True,1,False
0.2828,-0.2828,0.4,-45,0.2108,60,True,1,True,1,False
0.2828,-0.2828,0.4,-45,0.2108,90,True,1,True,1,False
0.2828,-0.2828,0.4,-45,0.2608,0,True,1,True,1,False
0.2828,-0.2828,0.4,-45,0.2608,30,True,1,True,1,False
0.2828,-0.2828,0.4,-45,0.2608,60,True,1,True,1,False
0.2828,-0.2828,0.4,-45,0.2608,90,True,1,True,1,False
0.2828,-0.2828,0.4,-45,0.31,0,True,1,True,1,False
0.2828,-0.2828,0.4,-45,0.31,30,True,1,True,1,False
0.2828,-0.2828,0.4,-45,0.31,60,True,1,True,1,False
0.2828,-0.2828,0.4,-45,0.31,90,True,1,True,1,False
0.3464,-0.2,0.4,-30,0.1608,0,True,1,True,1,False
0.3464,-0.2,0.4,-30,0.1608,30,True,1,True,1,False
0.3464,-0.2,0.4,-30,0.1608,60,True,1,True,1,False
0.3464,-0.2,0.4,-30,0.1608,90,True,1,True,1,False
0.3464,-0.2,0.4,-30,0.2108,0,True,1,True,1,False
0.3464,-0.2,0.4,-30,0.2108,30,True,1,True,1,False
0.3464,-0.2,0.4,-30,0.2108,60,True,1,True,1,False
0.3464,-0.2,0.4,-30,0.2108,90,True,1,True,1,False
0.3464,-0.2,0.4,-30,0.2608,0,True,1,True,1,False
0.3464,-0.2,0.4,-30,0.2608,30,True,1,True,1,False
0.3464,-0.2,0.4,-30,0.2608,60,True,1,True,1,False
0.3464,-0.2,0.4,-30,0.2608,90,True,1,True,1,False
0.3464,-0.2,0.4,-30,0.31,0,True,1,True,1,False
0.3464,-0.2,0.4,-30,0.31,30,True,1,True,1,False
0.3464,-0.2,0.4,-30,0.31,60,False,-31,True,1,True
0.3464,-0.2,0.4,-30,0.31,90,True,1,True,1,False
0.3864,-0.1035,0.4,-15,0.1608,0,True,1,True,1,False
0.3864,-0.1035,0.4,-15,0.1608,30,True,1,True,1,False
0.3864,-0.1035,0.4,-15,0.1608,60,True,1,True,1,False
0.3864,-0.1035,0.4,-15,0.1608,90,True,1,True,1,False
0.3864,-0.1035,0.4,-15,0.2108,0,True,1,True,1,False
0.3864,-0.1035,0.4,-15,0.2108,30,True,1,True,1,False
0.3864,-0.1035,0.4,-15,0.2108,60,True,1,True,1,False
0.3864,-0.1035,0.4,-15,0.2108,90,True,1,True,1,False
0.3864,-0.1035,0.4,-15,0.2608,0,True,1,True,1,False
0.3864,-0.1035,0.4,-15,0.2608,30,True,1,True,1,False
0.3864,-0.1035,0.4,-15,0.2608,60,True,1,True,1,False
0.3864,-0.1035,0.4,-15,0.2608,90,True,1,True,1,False
0.3864,-0.1035,0.4,-15,0.31,0,True,1,True,1,False
0.3864,-0.1035,0.4,-15,0.31,30,True,1,True,1,False
0.3864,-0.1035,0.4,-15,0.31,60,True,1,True,1,False
0.3864,-0.1035,0.4,-15,0.31,90,True,1,True,1,False
0.4,0.0,0.4,0,0.1608,0,True,1,True,1,False
0.4,0.0,0.4,0,0.1608,30,True,1,True,1,False
0.4,0.0,0.4,0,0.1608,60,True,1,True,1,False
0.4,0.0,0.4,0,0.1608,90,True,1,True,1,False
0.4,0.0,0.4,0,0.2108,0,True,1,True,1,False
0.4,0.0,0.4,0,0.2108,30,True,1,True,1,False
0.4,0.0,0.4,0,0.2108,60,True,1,True,1,False
0.4,0.0,0.4,0,0.2108,90,True,1,True,1,False
0.4,0.0,0.4,0,0.2608,0,True,1,True,1,False
0.4,0.0,0.4,0,0.2608,30,True,1,True,1,False
0.4,0.0,0.4,0,0.2608,60,True,1,True,1,False
0.4,0.0,0.4,0,0.2608,90,True,1,True,1,False
0.4,0.0,0.4,0,0.31,0,True,1,True,1,False
0.4,0.0,0.4,0,0.31,30,True,1,True,1,False
0.4,0.0,0.4,0,0.31,60,True,1,True,1,False
0.4,0.0,0.4,0,0.31,90,False,-31,True,1,True
0.3864,0.1035,0.4,15,0.1608,0,True,1,True,1,False
0.3864,0.1035,0.4,15,0.1608,30,True,1,True,1,False
0.3864,0.1035,0.4,15,0.1608,60,True,1,True,1,False
0.3864,0.1035,0.4,15,0.1608,90,True,1,True,1,False
0.3864,0.1035,0.4,15,0.2108,0,True,1,True,1,False
0.3864,0.1035,0.4,15,0.2108,30,True,1,True,1,False
0.3864,0.1035,0.4,15,0.2108,60,True,1,True,1,False
0.3864,0.1035,0.4,15,0.2108,90,True,1,True,1,False
0.3864,0.1035,0.4,15,0.2608,0,True,1,True,1,False
0.3864,0.1035,0.4,15,0.2608,30,True,1,True,1,False
0.3864,0.1035,0.4,15,0.2608,60,True,1,True,1,False
0.3864,0.1035,0.4,15,0.2608,90,True,1,True,1,False
0.3864,0.1035,0.4,15,0.31,0,True,1,True,1,False
0.3864,0.1035,0.4,15,0.31,30,True,1,True,1,False
0.3864,0.1035,0.4,15,0.31,60,True,1,True,1,False
0.3864,0.1035,0.4,15,0.31,90,True,1,True,1,False
0.3464,0.2,0.4,30,0.1608,0,True,1,True,1,False
0.3464,0.2,0.4,30,0.1608,30,True,1,True,1,False
0.3464,0.2,0.4,30,0.1608,60,True,1,True,1,False
0.3464,0.2,0.4,30,0.1608,90,True,1,True,1,False
0.3464,0.2,0.4,30,0.2108,0,True,1,True,1,False
0.3464,0.2,0.4,30,0.2108,30,True,1,True,1,False
0.3464,0.2,0.4,30,0.2108,60,True,1,True,1,False
0.3464,0.2,0.4,30,0.2108,90,True,1,True,1,False
0.3464,0.2,0.4,30,0.2608,0,True,1,True,1,False
0.3464,0.2,0.4,30,0.2608,30,True,1,True,1,False
0.3464,0.2,0.4,30,0.2608,60,True,1,True,1,False
0.3464,0.2,0.4,30,0.2608,90,True,1,True,1,False
0.3464,0.2,0.4,30,0.31,0,True,1,True,1,False
0.3464,0.2,0.4,30,0.31,30,True,1,True,1,False
0.3464,0.2,0.4,30,0.31,60,True,1,True,1,False
0.3464,0.2,0.4,30,0.31,90,True,1,True,1,False
0.2828,0.2828,0.4,45,0.1608,0,True,1,True,1,False
0.2828,0.2828,0.4,45,0.1608,30,True,1,True,1,False
0.2828,0.2828,0.4,45,0.1608,60,True,1,True,1,False
0.2828,0.2828,0.4,45,0.1608,90,True,1,True,1,False
0.2828,0.2828,0.4,45,0.2108,0,True,1,True,1,False
0.2828,0.2828,0.4,45,0.2108,30,True,1,True,1,False
0.2828,0.2828,0.4,45,0.2108,60,True,1,True,1,False
0.2828,0.2828,0.4,45,0.2108,90,True,1,True,1,False
0.2828,0.2828,0.4,45,0.2608,0,True,1,True,1,False
0.2828,0.2828,0.4,45,0.2608,30,True,1,True,1,False
0.2828,0.2828,0.4,45,0.2608,60,True,1,True,1,False
0.2828,0.2828,0.4,45,0.2608,90,True,1,True,1,False
0.2828,0.2828,0.4,45,0.31,0,True,1,True,1,False
0.2828,0.2828,0.4,45,0.31,30,True,1,True,1,False
0.2828,0.2828,0.4,45,0.31,60,True,1,True,1,False
0.2828,0.2828,0.4,45,0.31,90,True,1,True,1,False
0.2,0.3464,0.4,60,0.1608,0,True,1,True,1,False
0.2,0.3464,0.4,60,0.1608,30,True,1,True,1,False
0.2,0.3464,0.4,60,0.1608,60,True,1,True,1,False
0.2,0.3464,0.4,60,0.1608,90,True,1,True,1,False
0.2,0.3464,0.4,60,0.2108,0,True,1,True,1,False
0.2,0.3464,0.4,60,0.2108,30,True,1,True,1,False
0.2,0.3464,0.4,60,0.2108,60,True,1,True,1,False
0.2,0.3464,0.4,60,0.2108,90,True,1,True,1,False
0.2,0.3464,0.4,60,0.2608,0,True,1,True,1,False
0.2,0.3464,0.4,60,0.2608,30,True,1,True,1,False
0.2,0.3464,0.4,60,0.2608,60,True,1,True,1,False
0.2,0.3464,0.4,60,0.2608,90,True,1,True,1,False
0.2,0.3464,0.4,60,0.31,0,True,1,True,1,False
0.2,0.3464,0.4,60,0.31,30,True,1,True,1,False
0.2,0.3464,0.4,60,0.31,60,True,1,True,1,False
0.2,0.3464,0.4,60,0.31,90,True,1,True,1,False
0.1035,0.3864,0.4,75,0.1608,0,True,1,True,1,False
0.1035,0.3864,0.4,75,0.1608,30,True,1,True,1,False
0.1035,0.3864,0.4,75,0.1608,60,True,1,True,1,False
0.1035,0.3864,0.4,75,0.1608,90,True,1,True,1,False
0.1035,0.3864,0.4,75,0.2108,0,True,1,True,1,False
0.1035,0.3864,0.4,75,0.2108,30,True,1,True,1,False
0.1035,0.3864,0.4,75,0.2108,60,True,1,True,1,False
0.1035,0.3864,0.4,75,0.2108,90,True,1,True,1,False
0.1035,0.3864,0.4,75,0.2608,0,True,1,True,1,False
0.1035,0.3864,0.4,75,0.2608,30,True,1,True,1,False
0.1035,0.3864,0.4,75,0.2608,60,True,1,True,1,False
0.1035,0.3864,0.4,75,0.2608,90,True,1,True,1,False
0.1035,0.3864,0.4,75,0.31,0,True,1,True,1,False
0.1035,0.3864,0.4,75,0.31,30,True,1,True,1,False
0.1035,0.3864,0.4,75,0.31,60,True,1,True,1,False
0.1035,0.3864,0.4,75,0.31,90,True,1,True,1,False
0.0,0.4,0.4,90,0.1608,0,True,1,True,1,False
0.0,0.4,0.4,90,0.1608,30,True,1,True,1,False
0.0,0.4,0.4,90,0.1608,60,True,1,True,1,False
0.0,0.4,0.4,90,0.1608,90,True,1,True,1,False
0.0,0.4,0.4,90,0.2108,0,False,-31,True,1,True
0.0,0.4,0.4,90,0.2108,30,True,1,True,1,False
0.0,0.4,0.4,90,0.2108,60,True,1,True,1,False
0.0,0.4,0.4,90,0.2108,90,True,1,True,1,False
0.0,0.4,0.4,90,0.2608,0,False,-31,True,1,True
0.0,0.4,0.4,90,0.2608,30,True,1,True,1,False
0.0,0.4,0.4,90,0.2608,60,True,1,True,1,False
0.0,0.4,0.4,90,0.2608,90,True,1,True,1,False
0.0,0.4,0.4,90,0.31,0,False,-31,True,1,True
0.0,0.4,0.4,90,0.31,30,True,1,True,1,False
0.0,0.4,0.4,90,0.31,60,True,1,True,1,False
0.0,0.4,0.4,90,0.31,90,True,1,True,1,False
-0.1035,0.3864,0.4,105,0.1608,0,True,1,True,1,False
-0.1035,0.3864,0.4,105,0.1608,30,True,1,True,1,False
-0.1035,0.3864,0.4,105,0.1608,60,True,1,True,1,False
-0.1035,0.3864,0.4,105,0.1608,90,True,1,True,1,False
-0.1035,0.3864,0.4,105,0.2108,0,True,1,True,1,False
-0.1035,0.3864,0.4,105,0.2108,30,True,1,True,1,False
-0.1035,0.3864,0.4,105,0.2108,60,True,1,True,1,False
-0.1035,0.3864,0.4,105,0.2108,90,True,1,True,1,False
-0.1035,0.3864,0.4,105,0.2608,0,True,1,True,1,False
-0.1035,0.3864,0.4,105,0.2608,30,True,1,True,1,False
-0.1035,0.3864,0.4,105,0.2608,60,True,1,True,1,False
-0.1035,0.3864,0.4,105,0.2608,90,True,1,True,1,False
-0.1035,0.3864,0.4,105,0.31,0,True,1,True,1,False
-0.1035,0.3864,0.4,105,0.31,30,True,1,True,1,False
-0.1035,0.3864,0.4,105,0.31,60,True,1,True,1,False
-0.1035,0.3864,0.4,105,0.31,90,True,1,True,1,False
-0.2,0.3464,0.4,120,0.1608,0,True,1,True,1,False
-0.2,0.3464,0.4,120,0.1608,30,True,1,True,1,False
-0.2,0.3464,0.4,120,0.1608,60,True,1,True,1,False
-0.2,0.3464,0.4,120,0.1608,90,True,1,True,1,False
-0.2,0.3464,0.4,120,0.2108,0,True,1,True,1,False
-0.2,0.3464,0.4,120,0.2108,30,False,-31,True,1,True
-0.2,0.3464,0.4,120,0.2108,60,True,1,True,1,False
-0.2,0.3464,0.4,120,0.2108,90,True,1,True,1,False
-0.2,0.3464,0.4,120,0.2608,0,True,1,True,1,False
-0.2,0.3464,0.4,120,0.2608,30,False,-31,True,1,True
-0.2,0.3464,0.4,120,0.2608,60,True,1,True,1,False
-0.2,0.3464,0.4,120,0.2608,90,True,1,True,1,False
-0.2,0.3464,0.4,120,0.31,0,True,1,True,1,False
-0.2,0.3464,0.4,120,0.31,30,False,-31,True,1,True
-0.2,0.3464,0.4,120,0.31,60,True,1,True,1,False
-0.2,0.3464,0.4,120,0.31,90,True,1,True,1,False
-0.2828,0.2828,0.4,135,0.1608,0,True,1,True,1,False
-0.2828,0.2828,0.4,135,0.1608,30,True,1,True,1,False
-0.2828,0.2828,0.4,135,0.1608,60,True,1,True,1,False
-0.2828,0.2828,0.4,135,0.1608,90,True,1,True,1,False
-0.2828,0.2828,0.4,135,0.2108,0,True,1,True,1,False
-0.2828,0.2828,0.4,135,0.2108,30,True,1,True,1,False
-0.2828,0.2828,0.4,135,0.2108,60,True,1,True,1,False
-0.2828,0.2828,0.4,135,0.2108,90,True,1,True,1,False
-0.2828,0.2828,0.4,135,0.2608,0,True,1,True,1,False
-0.2828,0.2828,0.4,135,0.2608,30,True,1,True,1,False
-0.2828,0.2828,0.4,135,0.2608,60,True,1,True,1,False
-0.2828,0.2828,0.4,135,0.2608,90,True,1,True,1,False
-0.2828,0.2828,0.4,135,0.31,0,True,1,True,1,False
-0.2828,0.2828,0.4,135,0.31,30,True,1,True,1,False
-0.2828,0.2828,0.4,135,0.31,60,True,1,True,1,False
-0.2828,0.2828,0.4,135,0.31,90,True,1,True,1,False
-0.3464,0.2,0.4,150,0.1608,0,True,1,True,1,False
-0.3464,0.2,0.4,150,0.1608,30,True,1,True,1,False
-0.3464,0.2,0.4,150,0.1608,60,True,1,True,1,False
-0.3464,0.2,0.4,150,0.1608,90,True,1,True,1,False
-0.3464,0.2,0.4,150,0.2108,0,True,1,True,1,False
-0.3464,0.2,0.4,150,0.2108,30,True,1,True,1,False
-0.3464,0.2,0.4,150,0.2108,60,False,-31,True,1,True
-0.3464,0.2,0.4,150,0.2108,90,True,1,True,1,False
-0.3464,0.2,0.4,150,0.2608,0,True,1,True,1,False
-0.3464,0.2,0.4,150,0.2608,30,True,1,True,1,False
-0.3464,0.2,0.4,150,0.2608,60,False,-31,True,1,True
-0.3464,0.2,0.4,150,0.2608,90,True,1,True,1,False
-0.3464,0.2,0.4,150,0.31,0,True,1,True,1,False
-0.3464,0.2,0.4,150,0.31,30,True,1,True,1,False
-0.3464,0.2,0.4,150,0.31,60,False,-31,True,1,True
-0.3464,0.2,0.4,150,0.31,90,True,1,True,1,False
-0.3864,0.1035,0.4,165,0.1608,0,True,1,True,1,False
-0.3864,0.1035,0.4,165,0.1608,30,True,1,True,1,False
-0.3864,0.1035,0.4,165,0.1608,60,True,1,True,1,False
-0.3864,0.1035,0.4,165,0.1608,90,True,1,True,1,False
-0.3864,0.1035,0.4,165,0.2108,0,True,1,True,1,False
-0.3864,0.1035,0.4,165,0.2108,30,True,1,True,1,False
-0.3864,0.1035,0.4,165,0.2108,60,True,1,True,1,False
-0.3864,0.1035,0.4,165,0.2108,90,True,1,True,1,False
-0.3864,0.1035,0.4,165,0.2608,0,True,1,True,1,False
-0.3864,0.1035,0.4,165,0.2608,30,True,1,True,1,False
-0.3864,0.1035,0.4,165,0.2608,60,True,1,True,1,False
-0.3864,0.1035,0.4,165,0.2608,90,True,1,True,1,False
-0.3864,0.1035,0.4,165,0.31,0,True,1,True,1,False
-0.3864,0.1035,0.4,165,0.31,30,True,1,True,1,False
-0.3864,0.1035,0.4,165,0.31,60,True,1,True,1,False
-0.3864,0.1035,0.4,165,0.31,90,True,1,True,1,False
-0.45,-0.0,0.45,-180,0.1608,0,True,1,True,1,False
-0.45,-0.0,0.45,-180,0.1608,30,True,1,True,1,False
-0.45,-0.0,0.45,-180,0.1608,60,True,1,True,1,False
-0.45,-0.0,0.45,-180,0.1608,90,False,-31,True,1,True
-0.45,-0.0,0.45,-180,0.2108,0,True,1,True,1,False
-0.45,-0.0,0.45,-180,0.2108,30,True,1,True,1,False
-0.45,-0.0,0.45,-180,0.2108,60,True,1,True,1,False
-0.45,-0.0,0.45,-180,0.2108,90,False,-31,True,1,True
-0.45,-0.0,0.45,-180,0.2608,0,True,1,True,1,False
-0.45,-0.0,0.45,-180,0.2608,30,True,1,True,1,False
-0.45,-0.0,0.45,-180,0.2608,60,True,1,True,1,False
-0.45,-0.0,0.45,-180,0.2608,90,False,-31,True,1,True
-0.45,-0.0,0.45,-180,0.31,0,True,1,True,1,False
-0.45,-0.0,0.45,-180,0.31,30,True,1,True,1,False
-0.45,-0.0,0.45,-180,0.31,60,True,1,True,1,False
-0.45,-0.0,0.45,-180,0.31,90,False,-31,True,1,True
-0.4347,-0.1165,0.45,-165,0.1608,0,True,1,True,1,False
-0.4347,-0.1165,0.45,-165,0.1608,30,True,1,True,1,False
-0.4347,-0.1165,0.45,-165,0.1608,60,True,1,True,1,False
-0.4347,-0.1165,0.45,-165,0.1608,90,True,1,True,1,False
-0.4347,-0.1165,0.45,-165,0.2108,0,True,1,True,1,False
-0.4347,-0.1165,0.45,-165,0.2108,30,True,1,True,1,False
-0.4347,-0.1165,0.45,-165,0.2108,60,True,1,True,1,False
-0.4347,-0.1165,0.45,-165,0.2108,90,True,1,True,1,False
-0.4347,-0.1165,0.45,-165,0.2608,0,True,1,True,1,False
-0.4347,-0.1165,0.45,-165,0.2608,30,True,1,True,1,False
-0.4347,-0.1165,0.45,-165,0.2608,60,True,1,True,1,False
-0.4347,-0.1165,0.45,-165,0.2608,90,False,-31,True,1,True
-0.4347,-0.1165,0.45,-165,0.31,0,True,1,True,1,False
-0.4347,-0.1165,0.45,-165,0.31,30,True,1,True,1,False
-0.4347,-0.1165,0.45,-165,0.31,60,True,1,True,1,False
-0.4347,-0.1165,0.45,-165,0.31,90,False,-31,True,1,True
-0.3897,-0.225,0.45,-150,0.1608,0,True,1,True,1,False
-0.3897,-0.225,0.45,-150,0.1608,30,True,1,True,1,False
-0.3897,-0.225,0.45,-150,0.1608,60,True,1,True,1,False
-0.3897,-0.225,0.45,-150,0.1608,90,True,1,True,1,False
-0.3897,-0.225,0.45,-150,0.2108,0,True,1,True,1,False
-0.3897,-0.225,0.45,-150,0.2108,30,True,1,True,1,False
-0.3897,-0.225,0.45,-150,0.2108,60,True,1,True,1,False
-0.3897,-0.225,0.45,-150,0.2108,90,True,1,True,1,False
-0.3897,-0.225,0.45,-150,0.2608,0,True,1,True,1,False
-0.3897,-0.225,0.45,-150,0.2608,30,True,1,True,1,False
-0.3897,-0.225,0.45,-150,0.2608,60,True,1,True,1,False
-0.3897,-0.225,0.45,-150,0.2608,90,True,1,True,1,False
-0.3897,-0.225,0.45,-150,0.31,0,True,1,True,1,False
-0.3897,-0.225,0.45,-150,0.31,30,True,1,True,1,False
-0.3897,-0.225,0.45,-150,0.31,60,True,1,True,1,False
-0.3897,-0.225,0.45,-150,0.31,90,True,1,True,1,False
-0.3182,-0.3182,0.45,-135,0.1608,0,True,1,True,1,False
-0.3182,-0.3182,0.45,-135,0.1608,30,True,1,True,1,False
-0.3182,-0.3182,0.45,-135,0.1608,60,True,1,True,1,False
-0.3182,-0.3182,0.45,-135,0.1608,90,True,1,True,1,False
-0.3182,-0.3182,0.45,-135,0.2108,0,True,1,True,1,False
-0.3182,-0.3182,0.45,-135,0.2108,30,True,1,True,1,False
-0.3182,-0.3182,0.45,-135,0.2108,60,True,1,True,1,False
-0.3182,-0.3182,0.45,-135,0.2108,90,True,1,True,1,False
-0.3182,-0.3182,0.45,-135,0.2608,0,True,1,True,1,False
-0.3182,-0.3182,0.45,-135,0.2608,30,True,1,True,1,False
-0.3182,-0.3182,0.45,-135,0.2608,60,True,1,True,1,False
-0.3182,-0.3182,0.45,-135,0.2608,90,True,1,True,1,False
-0.3182,-0.3182,0.45,-135,0.31,0,True,1,True,1,False
-0.3182,-0.3182,0.45,-135,0.31,30,True,1,True,1,False
-0.3182,-0.3182,0.45,-135,0.31,60,True,1,True,1,False
-0.3182,-0.3182,0.45,-135,0.31,90,True,1,True,1,False
-0.225,-0.3897,0.45,-120,0.1608,0,True,1,True,1,False
-0.225,-0.3897,0.45,-120,0.1608,30,True,1,True,1,False
-0.225,-0.3897,0.45,-120,0.1608,60,True,1,True,1,False
-0.225,-0.3897,0.45,-120,0.1608,90,True,1,True,1,False
-0.225,-0.3897,0.45,-120,0.2108,0,True,1,True,1,False
-0.225,-0.3897,0.45,-120,0.2108,30,True,1,True,1,False
-0.225,-0.3897,0.45,-120,0.2108,60,True,1,True,1,False
-0.225,-0.3897,0.45,-120,0.2108,90,True,1,True,1,False
-0.225,-0.3897,0.45,-120,0.2608,0,True,1,True,1,False
-0.225,-0.3897,0.45,-120,0.2608,30,True,1,True,1,False
-0.225,-0.3897,0.45,-120,0.2608,60,True,1,True,1,False
-0.225,-0.3897,0.45,-120,0.2608,90,True,1,True,1,False
-0.225,-0.3897,0.45,-120,0.31,0,True,1,True,1,False
-0.225,-0.3897,0.45,-120,0.31,30,True,1,True,1,False
-0.225,-0.3897,0.45,-120,0.31,60,True,1,True,1,False
-0.225,-0.3897,0.45,-120,0.31,90,True,1,True,1,False
-0.1165,-0.4347,0.45,-105,0.1608,0,True,1,True,1,False
-0.1165,-0.4347,0.45,-105,0.1608,30,True,1,True,1,False
-0.1165,-0.4347,0.45,-105,0.1608,60,True,1,True,1,False
-0.1165,-0.4347,0.45,-105,0.1608,90,True,1,True,1,False
-0.1165,-0.4347,0.45,-105,0.2108,0,True,1,True,1,False
-0.1165,-0.4347,0.45,-105,0.2108,30,True,1,True,1,False
-0.1165,-0.4347,0.45,-105,0.2108,60,True,1,True,1,False
-0.1165,-0.4347,0.45,-105,0.2108,90,True,1,True,1,False
-0.1165,-0.4347,0.45,-105,0.2608,0,True,1,True,1,False
-0.1165,-0.4347,0.45,-105,0.2608,30,True,1,True,1,False
-0.1165,-0.4347,0.45,-105,0.2608,60,True,1,True,1,False
-0.1165,-0.4347,0.45,-105,0.2608,90,True,1,True,1,False
-0.1165,-0.4347,0.45,-105,0.31,0,True,1,True,1,False
-0.1165,-0.4347,0.45,-105,0.31,30,True,1,True,1,False
-0.1165,-0.4347,0.45,-105,0.31,60,True,1,True,1,False
-0.1165,-0.4347,0.45,-105,0.31,90,True,1,True,1,False
0.0,-0.45,0.45,-90,0.1608,0,True,1,True,1,False
0.0,-0.45,0.45,-90,0.1608,30,True,1,True,1,False
0.0,-0.45,0.45,-90,0.1608,60,True,1,True,1,False
0.0,-0.45,0.45,-90,0.1608,90,True,1,True,1,False
0.0,-0.45,0.45,-90,0.2108,0,True,1,True,1,False
0.0,-0.45,0.45,-90,0.2108,30,True,1,True,1,False
0.0,-0.45,0.45,-90,0.2108,60,True,1,True,1,False
0.0,-0.45,0.45,-90,0.2108,90,True,1,True,1,False
0.0,-0.45,0.45,-90,0.2608,0,False,-31,True,1,True
0.0,-0.45,0.45,-90,0.2608,30,True,1,True,1,False
0.0,-0.45,0.45,-90,0.2608,60,True,1,True,1,False
0.0,-0.45,0.45,-90,0.2608,90,True,1,True,1,False
0.0,-0.45,0.45,-90,0.31,0,False,-31,True,1,True
0.0,-0.45,0.45,-90,0.31,30,True,1,True,1,False
0.0,-0.45,0.45,-90,0.31,60,True,1,True,1,False
0.0,-0.45,0.45,-90,0.31,90,True,1,True,1,False
0.1165,-0.4347,0.45,-75,0.1608,0,True,1,True,1,False
0.1165,-0.4347,0.45,-75,0.1608,30,True,1,True,1,False
0.1165,-0.4347,0.45,-75,0.1608,60,True,1,True,1,False
0.1165,-0.4347,0.45,-75,0.1608,90,True,1,True,1,False
0.1165,-0.4347,0.45,-75,0.2108,0,True,1,True,1,False
0.1165,-0.4347,0.45,-75,0.2108,30,True,1,True,1,False
0.1165,-0.4347,0.45,-75,0.2108,60,True,1,True,1,False
0.1165,-0.4347,0.45,-75,0.2108,90,True,1,True,1,False
0.1165,-0.4347,0.45,-75,0.2608,0,True,1,True,1,False
0.1165,-0.4347,0.45,-75,0.2608,30,True,1,True,1,False
0.1165,-0.4347,0.45,-75,0.2608,60,True,1,True,1,False
0.1165,-0.4347,0.45,-75,0.2608,90,True,1,True,1,False
0.1165,-0.4347,0.45,-75,0.31,0,True,1,True,1,False
0.1165,-0.4347,0.45,-75,0.31,30,True,1,True,1,False
0.1165,-0.4347,0.45,-75,0.31,60,True,1,True,1,False
0.1165,-0.4347,0.45,-75,0.31,90,True,1,True,1,False
0.225,-0.3897,0.45,-60,0.1608,0,True,1,True,1,False
0.225,-0.3897,0.45,-60,0.1608,30,True,1,True,1,False
0.225,-0.3897,0.45,-60,0.1608,60,True,1,True,1,False
0.225,-0.3897,0.45,-60,0.1608,90,True,1,True,1,False
0.225,-0.3897,0.45,-60,0.2108,0,True,1,True,1,False
0.225,-0.3897,0.45,-60,0.2108,30,True,1,True,1,False
0.225,-0.3897,0.45,-60,0.2108,60,True,1,True,1,False
0.225,-0.3897,0.45,-60,0.2108,90,True,1,True,1,False
0.225,-0.3897,0.45,-60,0.2608,0,True,1,True,1,False
0.225,-0.3897,0.45,-60,0.2608,30,False,-31,True,1,True
0.225,-0.3897,0.45,-60,0.2608,60,True,1,True,1,False
0.225,-0.3897,0.45,-60,0.2608,90,True,1,True,1,False
0.225,-0.3897,0.45,-60,0.31,0,True,1,True,1,False
0.225,-0.3897,0.45,-60,0.31,30,False,-31,True,1,True
0.225,-0.3897,0.45,-60,0.31,60,True,1,True,1,False
0.225,-0.3897,0.45,-60,0.31,90,True,1,True,1,False
0.3182,-0.3182,0.45,-45,0.1608,0,True,1,True,1,False
0.3182,-0.3182,0.45,-45,0.1608,30,True,1,True,1,False
0.3182,-0.3182,0.45,-45,0.1608,60,True,1,True,1,False
0.3182,-0.3182,0.45,-45,0.1608,90,True,1,True,1,False
0.3182,-0.3182,0.45,-45,0.2108,0,True,1,True,1,False
0.3182,-0.3182,0.45,-45,0.2108,30,True,1,True,1,False
0.3182,-0.3182,0.45,-45,0.2108,60,True,1,True,1,False
0.3182,-0.3182,0.45,-45,0.2108,90,True,1,True,1,False
0.3182,-0.3182,0.45,-45,0.2608,0,True,1,True,1,False
0.3182,-0.3182,0.45,-45,0.2608,30,True,1,True,1,False
0.3182,-0.3182,0.45,-45,0.2608,60,True,1,True,1,False
0.3182,-0.3182,0.45,-45,0.2608,90,True,1,True,1,False
0.3182,-0.3182,0.45,-45,0.31,0,True,1,True,1,False
0.3182,-0.3182,0.45,-45,0.31,30,True,1,True,1,False
0.3182,-0.3182,0.45,-45,0.31,60,True,1,True,1,False
0.3182,-0.3182,0.45,-45,0.31,90,True,1,True,1,False
0.3897,-0.225,0.45,-30,0.1608,0,True,1,True,1,False
0.3897,-0.225,0.45,-30,0.1608,30,True,1,True,1,False
0.3897,-0.225,0.45,-30,0.1608,60,True,1,True,1,False
0.3897,-0.225,0.45,-30,0.1608,90,True,1,True,1,False
0.3897,-0.225,0.45,-30,0.2108,0,True,1,True,1,False
0.3897,-0.225,0.45,-30,0.2108,30,True,1,True,1,False
0.3897,-0.225,0.45,-30,0.2108,60,True,1,True,1,False
0.3897,-0.225,0.45,-30,0.2108,90,True,1,True,1,False
0.3897,-0.225,0.45,-30,0.2608,0,True,1,True,1,False
0.3897,-0.225,0.45,-30,0.2608,30,True,1,True,1,False
0.3897,-0.225,0.45,-30,0.2608,60,False,-31,True,1,True
0.3897,-0.225,0.45,-30,0.2608,90,True,1,True,1,False
0.3897,-0.225,0.45,-30,0.31,0,True,1,True,1,False
0.3897,-0.225,0.45,-30,0.31,30,True,1,True,1,False
0.3897,-0.225,0.45,-30,0.31,60,False,-31,True,1,True
0.3897,-0.225,0.45,-30,0.31,90,True,1,True,1,False
0.4347,-0.1165,0.45,-15,0.1608,0,True,1,True,1,False
0.4347,-0.1165,0.45,-15,0.1608,30,True,1,True,1,False
0.4347,-0.1165,0.45,-15,0.1608,60,True,1,True,1,False
0.4347,-0.1165,0.45,-15,0.1608,90,True,1,True,1,False
0.4347,-0.1165,0.45,-15,0.2108,0,True,1,True,1,False
0.4347,-0.1165,0.45,-15,0.2108,30,True,1,True,1,False
0.4347,-0.1165,0.45,-15,0.2108,60,True,1,True,1,False
0.4347,-0.1165,0.45,-15,0.2108,90,True,1,True,1,False
0.4347,-0.1165,0.45,-15,0.2608,0,True,1,True,1,False
0.4347,-0.1165,0.45,-15,0.2608,30,True,1,True,1,False
0.4347,-0.1165,0.45,-15,0.2608,60,True,1,True,1,False
0.4347,-0.1165,0.45,-15,0.2608,90,True,1,True,1,False
0.4347,-0.1165,0.45,-15,0.31,0,True,1,True,1,False
0.4347,-0.1165,0.45,-15,0.31,30,True,1,True,1,False
0.4347,-0.1165,0.45,-15,0.31,60,True,1,True,1,False
0.4347,-0.1165,0.45,-15,0.31,90,True,1,True,1,False
0.45,0.0,0.45,0,0.1608,0,True,1,True,1,False
0.45,0.0,0.45,0,0.1608,30,True,1,True,1,False
0.45,0.0,0.45,0,0.1608,60,True,1,True,1,False
0.45,0.0,0.45,0,0.1608,90,True,1,True,1,False
0.45,0.0,0.45,0,0.2108,0,True,1,True,1,False
0.45,0.0,0.45,0,0.2108,30,True,1,True,1,False
0.45,0.0,0.45,0,0.2108,60,True,1,True,1,False
0.45,0.0,0.45,0,0.2108,90,True,1,True,1,False
0.45,0.0,0.45,0,0.2608,0,True,1,True,1,False
0.45,0.0,0.45,0,0.2608,30,True,1,True,1,False
0.45,0.0,0.45,0,0.2608,60,True,1,True,1,False
0.45,0.0,0.45,0,0.2608,90,False,-31,True,1,True
0.45,0.0,0.45,0,0.31,0,True,1,True,1,False
0.45,0.0,0.45,0,0.31,30,True,1,True,1,False
0.45,0.0,0.45,0,0.31,60,True,1,True,1,False
0.45,0.0,0.45,0,0.31,90,False,-31,True,1,True
0.4347,0.1165,0.45,15,0.1608,0,True,1,True,1,False
0.4347,0.1165,0.45,15,0.1608,30,True,1,True,1,False
0.4347,0.1165,0.45,15,0.1608,60,True,1,True,1,False
0.4347,0.1165,0.45,15,0.1608,90,True,1,True,1,False
0.4347,0.1165,0.45,15,0.2108,0,True,1,True,1,False
0.4347,0.1165,0.45,15,0.2108,30,True,1,True,1,False
0.4347,0.1165,0.45,15,0.2108,60,True,1,True,1,False
0.4347,0.1165,0.45,15,0.2108,90,True,1,True,1,False
0.4347,0.1165,0.45,15,0.2608,0,True,1,True,1,False
0.4347,0.1165,0.45,15,0.2608,30,True,1,True,1,False
0.4347,0.1165,0.45,15,0.2608,60,True,1,True,1,False
0.4347,0.1165,0.45,15,0.2608,90,True,1,True,1,False
0.4347,0.1165,0.45,15,0.31,0,True,1,True,1,False
0.4347,0.1165,0.45,15,0.31,30,True,1,True,1,False
0.4347,0.1165,0.45,15,0.31,60,True,1,True,1,False
0.4347,0.1165,0.45,15,0.31,90,True,1,True,1,False
0.3897,0.225,0.45,30,0.1608,0,True,1,True,1,False
0.3897,0.225,0.45,30,0.1608,30,True,1,True,1,False
0.3897,0.225,0.45,30,0.1608,60,True,1,True,1,False
0.3897,0.225,0.45,30,0.1608,90,True,1,True,1,False
0.3897,0.225,0.45,30,0.2108,0,True,1,True,1,False
0.3897,0.225,0.45,30,0.2108,30,True,1,True,1,False
0.3897,0.225,0.45,30,0.2108,60,True,1,True,1,False
0.3897,0.225,0.45,30,0.2108,90,True,1,True,1,False
0.3897,0.225,0.45,30,0.2608,0,True,1,True,1,False
0.3897,0.225,0.45,30,0.2608,30,True,1,True,1,False
0.3897,0.225,0.45,30,0.2608,60,True,1,True,1,False
0.3897,0.225,0.45,30,0.2608,90,True,1,True,1,False
0.3897,0.225,0.45,30,0.31,0,True,1,True,1,False
0.3897,0.225,0.45,30,0.31,30,True,1,True,1,False
0.3897,0.225,0.45,30,0.31,60,True,1,True,1,False
0.3897,0.225,0.45,30,0.31,90,True,1,True,1,False
0.3182,0.3182,0.45,45,0.1608,0,True,1,True,1,False
0.3182,0.3182,0.45,45,0.1608,30,True,1,True,1,False
0.3182,0.3182,0.45,45,0.1608,60,True,1,True,1,False
0.3182,0.3182,0.45,45,0.1608,90,True,1,True,1,False
0.3182,0.3182,0.45,45,0.2108,0,True,1,True,1,False
0.3182,0.3182,0.45,45,0.2108,30,True,1,True,1,False
0.3182,0.3182,0.45,45,0.2108,60,True,1,True,1,False
0.3182,0.3182,0.45,45,0.2108,90,True,1,True,1,False
0.3182,0.3182,0.45,45,0.2608,0,True,1,True,1,False
0.3182,0.3182,0.45,45,0.2608,30,True,1,True,1,False
0.3182,0.3182,0.45,45,0.2608,60,True,1,True,1,False
0.3182,0.3182,0.45,45,0.2608,90,True,1,True,1,False
0.3182,0.3182,0.45,45,0.31,0,True,1,True,1,False
0.3182,0.3182,0.45,45,0.31,30,True,1,True,1,False
0.3182,0.3182,0.45,45,0.31,60,True,1,True,1,False
0.3182,0.3182,0.45,45,0.31,90,True,1,True,1,False
0.225,0.3897,0.45,60,0.1608,0,True,1,True,1,False
0.225,0.3897,0.45,60,0.1608,30,True,1,True,1,False
0.225,0.3897,0.45,60,0.1608,60,True,1,True,1,False
0.225,0.3897,0.45,60,0.1608,90,True,1,True,1,False
0.225,0.3897,0.45,60,0.2108,0,True,1,True,1,False
0.225,0.3897,0.45,60,0.2108,30,True,1,True,1,False
0.225,0.3897,0.45,60,0.2108,60,True,1,True,1,False
0.225,0.3897,0.45,60,0.2108,90,True,1,True,1,False
0.225,0.3897,0.45,60,0.2608,0,True,1,True,1,False
0.225,0.3897,0.45,60,0.2608,30,True,1,True,1,False
0.225,0.3897,0.45,60,0.2608,60,True,1,True,1,False
0.225,0.3897,0.45,60,0.2608,90,True,1,True,1,False
0.225,0.3897,0.45,60,0.31,0,True,1,True,1,False
0.225,0.3897,0.45,60,0.31,30,True,1,True,1,False
0.225,0.3897,0.45,60,0.31,60,True,1,True,1,False
0.225,0.3897,0.45,60,0.31,90,True,1,True,1,False
0.1165,0.4347,0.45,75,0.1608,0,True,1,True,1,False
0.1165,0.4347,0.45,75,0.1608,30,True,1,True,1,False
0.1165,0.4347,0.45,75,0.1608,60,True,1,True,1,False
0.1165,0.4347,0.45,75,0.1608,90,True,1,True,1,False
0.1165,0.4347,0.45,75,0.2108,0,True,1,True,1,False
0.1165,0.4347,0.45,75,0.2108,30,True,1,True,1,False
0.1165,0.4347,0.45,75,0.2108,60,True,1,True,1,False
0.1165,0.4347,0.45,75,0.2108,90,True,1,True,1,False
0.1165,0.4347,0.45,75,0.2608,0,False,-31,True,1,True
0.1165,0.4347,0.45,75,0.2608,30,True,1,True,1,False
0.1165,0.4347,0.45,75,0.2608,60,True,1,True,1,False
0.1165,0.4347,0.45,75,0.2608,90,True,1,True,1,False
0.1165,0.4347,0.45,75,0.31,0,False,-31,True,1,True
0.1165,0.4347,0.45,75,0.31,30,True,1,True,1,False
0.1165,0.4347,0.45,75,0.31,60,True,1,True,1,False
0.1165,0.4347,0.45,75,0.31,90,True,1,True,1,False
0.0,0.45,0.45,90,0.1608,0,False,-31,True,1,True
0.0,0.45,0.45,90,0.1608,30,True,1,True,1,False
0.0,0.45,0.45,90,0.1608,60,True,1,True,1,False
0.0,0.45,0.45,90,0.1608,90,True,1,True,1,False
0.0,0.45,0.45,90,0.2108,0,False,-31,True,1,True
0.0,0.45,0.45,90,0.2108,30,True,1,True,1,False
0.0,0.45,0.45,90,0.2108,60,True,1,True,1,False
0.0,0.45,0.45,90,0.2108,90,True,1,True,1,False
0.0,0.45,0.45,90,0.2608,0,False,-31,True,1,True
0.0,0.45,0.45,90,0.2608,30,True,1,True,1,False
0.0,0.45,0.45,90,0.2608,60,True,1,True,1,False
0.0,0.45,0.45,90,0.2608,90,True,1,True,1,False
0.0,0.45,0.45,90,0.31,0,False,-31,True,1,True
0.0,0.45,0.45,90,0.31,30,True,1,True,1,False
0.0,0.45,0.45,90,0.31,60,True,1,True,1,False
0.0,0.45,0.45,90,0.31,90,True,1,True,1,False
-0.1165,0.4347,0.45,105,0.1608,0,True,1,True,1,False
-0.1165,0.4347,0.45,105,0.1608,30,True,1,True,1,False
-0.1165,0.4347,0.45,105,0.1608,60,True,1,True,1,False
-0.1165,0.4347,0.45,105,0.1608,90,True,1,True,1,False
-0.1165,0.4347,0.45,105,0.2108,0,True,1,True,1,False
-0.1165,0.4347,0.45,105,0.2108,30,True,1,True,1,False
-0.1165,0.4347,0.45,105,0.2108,60,True,1,True,1,False
-0.1165,0.4347,0.45,105,0.2108,90,True,1,True,1,False
-0.1165,0.4347,0.45,105,0.2608,0,False,-31,True,1,True
-0.1165,0.4347,0.45,105,0.2608,30,False,-31,True,1,True
-0.1165,0.4347,0.45,105,0.2608,60,True,1,True,1,False
-0.1165,0.4347,0.45,105,0.2608,90,True,1,True,1,False
-0.1165,0.4347,0.45,105,0.31,0,False,-31,True,1,True
-0.1165,0.4347,0.45,105,0.31,30,False,-31,True,1,True
-0.1165,0.4347,0.45,105,0.31,60,True,1,True,1,False
-0.1165,0.4347,0.45,105,0.31,90,True,1,True,1,False
-0.225,0.3897,0.45,120,0.1608,0,True,1,True,1,False
-0.225,0.3897,0.45,120,0.1608,30,False,-31,True,1,True
-0.225,0.3897,0.45,120,0.1608,60,True,1,True,1,False
-0.225,0.3897,0.45,120,0.1608,90,True,1,True,1,False
-0.225,0.3897,0.45,120,0.2108,0,True,1,True,1,False
-0.225,0.3897,0.45,120,0.2108,30,False,-31,True,1,True
-0.225,0.3897,0.45,120,0.2108,60,True,1,True,1,False
-0.225,0.3897,0.45,120,0.2108,90,True,1,True,1,False
-0.225,0.3897,0.45,120,0.2608,0,True,1,True,1,False
-0.225,0.3897,0.45,120,0.2608,30,False,-31,True,1,True
-0.225,0.3897,0.45,120,0.2608,60,True,1,True,1,False
-0.225,0.3897,0.45,120,0.2608,90,True,1,True,1,False
-0.225,0.3897,0.45,120,0.31,0,True,1,True,1,False
-0.225,0.3897,0.45,120,0.31,30,False,-31,True,1,True
-0.225,0.3897,0.45,120,0.31,60,True,1,True,1,False
-0.225,0.3897,0.45,120,0.31,90,True,1,True,1,False
-0.3182,0.3182,0.45,135,0.1608,0,True,1,True,1,False
-0.3182,0.3182,0.45,135,0.1608,30,True,1,True,1,False
-0.3182,0.3182,0.45,135,0.1608,60,True,1,True,1,False
-0.3182,0.3182,0.45,135,0.1608,90,True,1,True,1,False
-0.3182,0.3182,0.45,135,0.2108,0,True,1,True,1,False
-0.3182,0.3182,0.45,135,0.2108,30,True,1,True,1,False
-0.3182,0.3182,0.45,135,0.2108,60,True,1,True,1,False
-0.3182,0.3182,0.45,135,0.2108,90,True,1,True,1,False
-0.3182,0.3182,0.45,135,0.2608,0,True,1,True,1,False
-0.3182,0.3182,0.45,135,0.2608,30,False,-31,True,1,True
-0.3182,0.3182,0.45,135,0.2608,60,False,-31,True,1,True
-0.3182,0.3182,0.45,135,0.2608,90,True,1,True,1,False
-0.3182,0.3182,0.45,135,0.31,0,True,1,True,1,False
-0.3182,0.3182,0.45,135,0.31,30,False,-31,True,1,True
-0.3182,0.3182,0.45,135,0.31,60,False,-31,True,1,True
-0.3182,0.3182,0.45,135,0.31,90,True,1,True,1,False
-0.3897,0.225,0.45,150,0.1608,0,True,1,True,1,False
-0.3897,0.225,0.45,150,0.1608,30,True,1,True,1,False
-0.3897,0.225,0.45,150,0.1608,60,False,-31,True,1,True
-0.3897,0.225,0.45,150,0.1608,90,True,1,True,1,False
-0.3897,0.225,0.45,150,0.2108,0,True,1,True,1,False
-0.3897,0.225,0.45,150,0.2108,30,True,1,True,1,False
-0.3897,0.225,0.45,150,0.2108,60,False,-31,True,1,True
-0.3897,0.225,0.45,150,0.2108,90,True,1,True,1,False
-0.3897,0.225,0.45,150,0.2608,0,True,1,True,1,False
-0.3897,0.225,0.45,150,0.2608,30,True,1,True,1,False
-0.3897,0.225,0.45,150,0.2608,60,False,-31,True,1,True
-0.3897,0.225,0.45,150,0.2608,90,True,1,True,1,False
-0.3897,0.225,0.45,150,0.31,0,True,1,True,1,False
-0.3897,0.225,0.45,150,0.31,30,True,1,True,1,False
-0.3897,0.225,0.45,150,0.31,60,False,-31,True,1,True
-0.3897,0.225,0.45,150,0.31,90,True,1,True,1,False
-0.4347,0.1165,0.45,165,0.1608,0,True,1,True,1,False
-0.4347,0.1165,0.45,165,0.1608,30,True,1,True,1,False
-0.4347,0.1165,0.45,165,0.1608,60,True,1,True,1,False
-0.4347,0.1165,0.45,165,0.1608,90,True,1,True,1,False
-0.4347,0.1165,0.45,165,0.2108,0,True,1,True,1,False
-0.4347,0.1165,0.45,165,0.2108,30,True,1,True,1,False
-0.4347,0.1165,0.45,165,0.2108,60,True,1,True,1,False
-0.4347,0.1165,0.45,165,0.2108,90,True,1,True,1,False
-0.4347,0.1165,0.45,165,0.2608,0,True,1,True,1,False
-0.4347,0.1165,0.45,165,0.2608,30,True,1,True,1,False
-0.4347,0.1165,0.45,165,0.2608,60,False,-31,True,1,True
-0.4347,0.1165,0.45,165,0.2608,90,False,-31,True,1,True
-0.4347,0.1165,0.45,165,0.31,0,True,1,True,1,False
-0.4347,0.1165,0.45,165,0.31,30,True,1,True,1,False
-0.4347,0.1165,0.45,165,0.31,60,False,-31,True,1,True
-0.4347,0.1165,0.45,165,0.31,90,False,-31,True,1,True
-0.5,-0.0,0.5,-180,0.1608,0,True,1,True,1,False
-0.5,-0.0,0.5,-180,0.1608,30,True,1,True,1,False
-0.5,-0.0,0.5,-180,0.1608,60,True,1,True,1,False
-0.5,-0.0,0.5,-180,0.1608,90,False,-31,False,-31,False
-0.5,-0.0,0.5,-180,0.2108,0,True,1,True,1,False
-0.5,-0.0,0.5,-180,0.2108,30,True,1,True,1,False
-0.5,-0.0,0.5,-180,0.2108,60,True,1,True,1,False
-0.5,-0.0,0.5,-180,0.2108,90,False,-31,False,-31,False
-0.5,-0.0,0.5,-180,0.2608,0,True,1,True,1,False
-0.5,-0.0,0.5,-180,0.2608,30,True,1,True,1,False
-0.5,-0.0,0.5,-180,0.2608,60,True,1,True,1,False
-0.5,-0.0,0.5,-180,0.2608,90,False,-31,True,1,True
-0.5,-0.0,0.5,-180,0.31,0,False,-31,True,1,True
-0.5,-0.0,0.5,-180,0.31,30,False,-31,True,1,True
-0.5,-0.0,0.5,-180,0.31,60,False,-31,True,1,True
-0.5,-0.0,0.5,-180,0.31,90,False,-31,True,1,True
-0.483,-0.1294,0.5,-165,0.1608,0,True,1,True,1,False
-0.483,-0.1294,0.5,-165,0.1608,30,True,1,True,1,False
-0.483,-0.1294,0.5,-165,0.1608,60,True,1,True,1,False
-0.483,-0.1294,0.5,-165,0.1608,90,False,-31,False,-31,False
-0.483,-0.1294,0.5,-165,0.2108,0,True,1,True,1,False
-0.483,-0.1294,0.5,-165,0.2108,30,True,1,True,1,False
-0.483,-0.1294,0.5,-165,0.2108,60,True,1,True,1,False
-0.483,-0.1294,0.5,-165,0.2108,90,False,-31,False,-31,False
-0.483,-0.1294,0.5,-165,0.2608,0,True,1,True,1,False
-0.483,-0.1294,0.5,-165,0.2608,30,True,1,True,1,False
-0.483,-0.1294,0.5,-165,0.2608,60,True,1,True,1,False
-0.483,-0.1294,0.5,-165,0.2608,90,False,-31,True,1,True
-0.483,-0.1294,0.5,-165,0.31,0,False,-31,True,1,True
-0.483,-0.1294,0.5,-165,0.31,30,False,-31,True,1,True
-0.483,-0.1294,0.5,-165,0.31,60,False,-31,True,1,True
-0.483,-0.1294,0.5,-165,0.31,90,False,-31,True,1,True
-0.433,-0.25,0.5,-150,0.1608,0,True,1,True,1,False
-0.433,-0.25,0.5,-150,0.1608,30,True,1,True,1,False
-0.433,-0.25,0.5,-150,0.1608,60,True,1,True,1,False
-0.433,-0.25,0.5,-150,0.1608,90,True,1,False,-31,True
-0.433,-0.25,0.5,-150,0.2108,0,True,1,True,1,False
-0.433,-0.25,0.5,-150,0.2108,30,True,1,True,1,False
-0.433,-0.25,0.5,-150,0.2108,60,True,1,True,1,False
-0.433,-0.25,0.5,-150,0.2108,90,True,1,False,-31,True
-0.433,-0.25,0.5,-150,0.2608,0,True,1,True,1,False
-0.433,-0.25,0.5,-150,0.2608,30,True,1,True,1,False
-0.433,-0.25,0.5,-150,0.2608,60,True,1,True,1,False
-0.433,-0.25,0.5,-150,0.2608,90,True,1,True,1,False
-0.433,-0.25,0.5,-150,0.31,0,False,-31,True,1,True
-0.433,-0.25,0.5,-150,0.31,30,False,-31,True,1,True
-0.433,-0.25,0.5,-150,0.31,60,False,-31,True,1,True
-0.433,-0.25,0.5,-150,0.31,90,False,-31,True,1,True
-0.3536,-0.3536,0.5,-135,0.1608,0,True,1,True,1,False
-0.3536,-0.3536,0.5,-135,0.1608,30,True,1,True,1,False
-0.3536,-0.3536,0.5,-135,0.1608,60,True,1,True,1,False
-0.3536,-0.3536,0.5,-135,0.1608,90,True,1,False,-31,True
-0.3536,-0.3536,0.5,-135,0.2108,0,True,1,True,1,False
-0.3536,-0.3536,0.5,-135,0.2108,30,True,1,True,1,False
-0.3536,-0.3536,0.5,-135,0.2108,60,True,1,True,1,False
-0.3536,-0.3536,0.5,-135,0.2108,90,True,1,False,-31,True
-0.3536,-0.3536,0.5,-135,0.2608,0,True,1,True,1,False
-0.3536,-0.3536,0.5,-135,0.2608,30,True,1,True,1,False
-0.3536,-0.3536,0.5,-135,0.2608,60,True,1,True,1,False
-0.3536,-0.3536,0.5,-135,0.2608,90,True,1,True,1,False
-0.3536,-0.3536,0.5,-135,0.31,0,False,-31,True,1,True
-0.3536,-0.3536,0.5,-135,0.31,30,False,-31,True,1,True
-0.3536,-0.3536,0.5,-135,0.31,60,False,-31,True,1,True
-0.3536,-0.3536,0.5,-135,0.31,90,False,-31,True,1,True
-0.25,-0.433,0.5,-120,0.1608,0,True,1,True,1,False
-0.25,-0.433,0.5,-120,0.1608,30,True,1,True,1,False
-0.25,-0.433,0.5,-120,0.1608,60,True,1,True,1,False
-0.25,-0.433,0.5,-120,0.1608,90,True,1,False,-31,True
-0.25,-0.433,0.5,-120,0.2108,0,True,1,True,1,False
-0.25,-0.433,0.5,-120,0.2108,30,True,1,True,1,False
-0.25,-0.433,0.5,-120,0.2108,60,True,1,True,1,False
-0.25,-0.433,0.5,-120,0.2108,90,True,1,False,-31,True
-0.25,-0.433,0.5,-120,0.2608,0,True,1,True,1,False
-0.25,-0.433,0.5,-120,0.2608,30,True,1,True,1,False
-0.25,-0.433,0.5,-120,0.2608,60,True,1,True,1,False
-0.25,-0.433,0.5,-120,0.2608,90,True,1,True,1,False
-0.25,-0.433,0.5,-120,0.31,0,False,-31,True,1,True
-0.25,-0.433,0.5,-120,0.31,30,False,-31,True,1,True
-0.25,-0.433,0.5,-120,0.31,60,False,-31,True,1,True
-0.25,-0.433,0.5,-120,0.31,90,False,-31,True,1,True
-0.1294,-0.483,0.5,-105,0.1608,0,True,1,True,1,False
-0.1294,-0.483,0.5,-105,0.1608,30,True,1,True,1,False
-0.1294,-0.483,0.5,-105,0.1608,60,True,1,True,1,False
-0.1294,-0.483,0.5,-105,0.1608,90,True,1,False,-31,True
-0.1294,-0.483,0.5,-105,0.2108,0,True,1,True,1,False
-0.1294,-0.483,0.5,-105,0.2108,30,True,1,True,1,False
-0.1294,-0.483,0.5,-105,0.2108,60,True,1,True,1,False
-0.1294,-0.483,0.5,-105,0.2108,90,True,1,False,-31,True
-0.1294,-0.483,0.5,-105,0.2608,0,False,-31,True,1,True
-0.1294,-0.483,0.5,-105,0.2608,30,True,1,True,1,False
-0.1294,-0.483,0.5,-105,0.2608,60,True,1,True,1,False
-0.1294,-0.483,0.5,-105,0.2608,90,True,1,True,1,False
-0.1294,-0.483,0.5,-105,0.31,0,False,-31,True,1,True
-0.1294,-0.483,0.5,-105,0.31,30,False,-31,True,1,True
-0.1294,-0.483,0.5,-105,0.31,60,False,-31,True,1,True
-0.1294,-0.483,0.5,-105,0.31,90,False,-31,True,1,True
0.0,-0.5,0.5,-90,0.1608,0,False,-31,True,1,True
0.0,-0.5,0.5,-90,0.1608,30,True,1,True,1,False
0.0,-0.5,0.5,-90,0.1608,60,True,1,True,1,False
0.0,-0.5,0.5,-90,0.1608,90,True,1,False,-31,True
0.0,-0.5,0.5,-90,0.2108,0,False,-31,True,1,True
0.0,-0.5,0.5,-90,0.2108,30,True,1,True,1,False
0.0,-0.5,0.5,-90,0.2108,60,True,1,True,1,False
0.0,-0.5,0.5,-90,0.2108,90,True,1,False,-31,True
0.0,-0.5,0.5,-90,0.2608,0,False,-31,True,1,True
0.0,-0.5,0.5,-90,0.2608,30,True,1,True,1,False
0.0,-0.5,0.5,-90,0.2608,60,True,1,True,1,False
0.0,-0.5,0.5,-90,0.2608,90,True,1,True,1,False
0.0,-0.5,0.5,-90,0.31,0,False,-31,True,1,True
0.0,-0.5,0.5,-90,0.31,30,False,-31,True,1,True
0.0,-0.5,0.5,-90,0.31,60,False,-31,True,1,True
0.0,-0.5,0.5,-90,0.31,90,False,-31,True,1,True
0.1294,-0.483,0.5,-75,0.1608,0,True,1,True,1,False
0.1294,-0.483,0.5,-75,0.1608,30,True,1,True,1,False
0.1294,-0.483,0.5,-75,0.1608,60,True,1,True,1,False
0.1294,-0.483,0.5,-75,0.1608,90,True,1,False,-31,True
0.1294,-0.483,0.5,-75,0.2108,0,True,1,True,1,False
0.1294,-0.483,0.5,-75,0.2108,30,True,1,True,1,False
0.1294,-0.483,0.5,-75,0.2108,60,True,1,True,1,False
0.1294,-0.483,0.5,-75,0.2108,90,True,1,False,-31,True
0.1294,-0.483,0.5,-75,0.2608,0,False,-31,True,1,True
0.1294,-0.483,0.5,-75,0.2608,30,False,-31,True,1,True
0.1294,-0.483,0.5,-75,0.2608,60,True,1,True,1,False
0.1294,-0.483,0.5,-75,0.2608,90,True,1,True,1,False
0.1294,-0.483,0.5,-75,0.31,0,False,-31,True,1,True
0.1294,-0.483,0.5,-75,0.31,30,False,-31,True,1,True
0.1294,-0.483,0.5,-75,0.31,60,False,-31,True,1,True
0.1294,-0.483,0.5,-75,0.31,90,False,-31,True,1,True
0.25,-0.433,0.5,-60,0.1608,0,True,1,True,1,False
0.25,-0.433,0.5,-60,0.1608,30,False,-31,True,1,True
0.25,-0.433,0.5,-60,0.1608,60,True,1,True,1,False
0.25,-0.433,0.5,-60,0.1608,90,True,1,False,-31,True
0.25,-0.433,0.5,-60,0.2108,0,True,1,True,1,False
0.25,-0.433,0.5,-60,0.2108,30,False,-31,True,1,True
0.25,-0.433,0.5,-60,0.2108,60,True,1,True,1,False
0.25,-0.433,0.5,-60,0.2108,90,True,1,False,-31,True
0.25,-0.433,0.5,-60,0.2608,0,True,1,True,1,False
0.25,-0.433,0.5,-60,0.2608,30,False,-31,True,1,True
0.25,-0.433,0.5,-60,0.2608,60,True,1,True,1,False
0.25,-0.433,0.5,-60,0.2608,90,True,1,True,1,False
0.25,-0.433,0.5,-60,0.31,0,False,-31,True,1,True
0.25,-0.433,0.5,-60,0.31,30,False,-31,True,1,True
0.25,-0.433,0.5,-60,0.31,60,False,-31,True,1,True
0.25,-0.433,0.5,-60,0.31,90,False,-31,True,1,True
0.3536,-0.3536,0.5,-45,0.1608,0,True,1,True,1,False
0.3536,-0.3536,0.5,-45,0.1608,30,True,1,True,1,False
0.3536,-0.3536,0.5,-45,0.1608,60,True,1,True,1,False
0.3536,-0.3536,0.5,-45,0.1608,90,True,1,False,-31,True
0.3536,-0.3536,0.5,-45,0.2108,0,True,1,True,1,False
0.3536,-0.3536,0.5,-45,0.2108,30,True,1,True,1,False
0.3536,-0.3536,0.5,-45,0.2108,60,True,1,True,1,False
0.3536,-0.3536,0.5,-45,0.2108,90,True,1,False,-31,True
0.3536,-0.3536,0.5,-45,0.2608,0,True,1,True,1,False
0.3536,-0.3536,0.5,-45,0.2608,30,False,-31,True,1,True
0.3536,-0.3536,0.5,-45,0.2608,60,False,-31,True,1,True
0.3536,-0.3536,0.5,-45,0.2608,90,True,1,True,1,False
0.3536,-0.3536,0.5,-45,0.31,0,False,-31,True,1,True
0.3536,-0.3536,0.5,-45,0.31,30,False,-31,True,1,True
0.3536,-0.3536,0.5,-45,0.31,60,False,-31,True,1,True
0.3536,-0.3536,0.5,-45,0.31,90,False,-31,True,1,True
0.433,-0.25,0.5,-30,0.1608,0,True,1,True,1,False
0.433,-0.25,0.5,-30,0.1608,30,True,1,True,1,False
0.433,-0.25,0.5,-30,0.1608,60,False,-31,True,1,True
0.433,-0.25,0.5,-30,0.1608,90,True,1,False,-31,True
0.433,-0.25,0.5,-30,0.2108,0,True,1,True,1,False
0.433,-0.25,0.5,-30,0.2108,30,True,1,True,1,False
0.433,-0.25,0.5,-30,0.2108,60,False,-31,True,1,True
0.433,-0.25,0.5,-30,0.2108,90,True,1,False,-31,True
0.433,-0.25,0.5,-30,0.2608,0,True,1,True,1,False
0.433,-0.25,0.5,-30,0.2608,30,True,1,True,1,False
0.433,-0.25,0.5,-30,0.2608,60,False,-31,True,1,True
0.433,-0.25,0.5,-30,0.2608,90,True,1,True,1,False
0.433,-0.25,0.5,-30,0.31,0,False,-31,True,1,True
0.433,-0.25,0.5,-30,0.31,30,False,-31,True,1,True
0.433,-0.25,0.5,-30,0.31,60,False,-31,True,1,True
0.433,-0.25,0.5,-30,0.31,90,False,-31,True,1,True
0.483,-0.1294,0.5,-15,0.1608,0,True,1,True,1,False
0.483,-0.1294,0.5,-15,0.1608,30,True,1,True,1,False
0.483,-0.1294,0.5,-15,0.1608,60,True,1,True,1,False
0.483,-0.1294,0.5,-15,0.1608,90,True,1,False,-31,True
0.483,-0.1294,0.5,-15,0.2108,0,True,1,True,1,False
0.483,-0.1294,0.5,-15,0.2108,30,True,1,True,1,False
0.483,-0.1294,0.5,-15,0.2108,60,True,1,True,1,False
0.483,-0.1294,0.5,-15,0.2108,90,True,1,False,-31,True
0.483,-0.1294,0.5,-15,0.2608,0,True,1,True,1,False
0.483,-0.1294,0.5,-15,0.2608,30,True,1,True,1,False
0.483,-0.1294,0.5,-15,0.2608,60,False,-31,True,1,True
0.483,-0.1294,0.5,-15,0.2608,90,False,-31,True,1,True
0.483,-0.1294,0.5,-15,0.31,0,False,-31,True,1,True
0.483,-0.1294,0.5,-15,0.31,30,False,-31,True,1,True
0.483,-0.1294,0.5,-15,0.31,60,False,-31,True,1,True
0.483,-0.1294,0.5,-15,0.31,90,False,-31,True,1,True
0.5,0.0,0.5,0,0.1608,0,True,1,True,1,False
0.5,0.0,0.5,0,0.1608,30,True,1,True,1,False
0.5,0.0,0.5,0,0.1608,60,True,1,True,1,False
0.5,0.0,0.5,0,0.1608,90,False,-31,False,-31,False
0.5,0.0,0.5,0,0.2108,0,True,1,True,1,False
0.5,0.0,0.5,0,0.2108,30,True,1,True,1,False
0.5,0.0,0.5,0,0.2108,60,True,1,True,1,False
0.5,0.0,0.5,0,0.2108,90,False,-31,False,-31,False
0.5,0.0,0.5,0,0.2608,0,True,1,True,1,False
0.5,0.0,0.5,0,0.2608,30,True,1,True,1,False
0.5,0.0,0.5,0,0.2608,60,True,1,True,1,False
0.5,0.0,0.5,0,0.2608,90,False,-31,True,1,True
0.5,0.0,0.5,0,0.31,0,False,-31,True,1,True
0.5,0.0,0.5,0,0.31,30,False,-31,True,1,True
0.5,0.0,0.5,0,0.31,60,False,-31,True,1,True
0.5,0.0,0.5,0,0.31,90,False,-31,True,1,True
0.483,0.1294,0.5,15,0.1608,0,True,1,True,1,False
0.483,0.1294,0.5,15,0.1608,30,True,1,True,1,False
0.483,0.1294,0.5,15,0.1608,60,True,1,True,1,False
0.483,0.1294,0.5,15,0.1608,90,True,1,False,-31,True
0.483,0.1294,0.5,15,0.2108,0,True,1,True,1,False
0.483,0.1294,0.5,15,0.2108,30,True,1,True,1,False
0.483,0.1294,0.5,15,0.2108,60,True,1,True,1,False
0.483,0.1294,0.5,15,0.2108,90,True,1,False,-31,True
0.483,0.1294,0.5,15,0.2608,0,True,1,True,1,False
0.483,0.1294,0.5,15,0.2608,30,True,1,True,1,False
0.483,0.1294,0.5,15,0.2608,60,True,1,True,1,False
0.483,0.1294,0.5,15,0.2608,90,False,-31,True,1,True
0.483,0.1294,0.5,15,0.31,0,False,-31,True,1,True
0.483,0.1294,0.5,15,0.31,30,False,-31,True,1,True
0.483,0.1294,0.5,15,0.31,60,False,-31,True,1,True
0.483,0.1294,0.5,15,0.31,90,False,-31,True,1,True
0.433,0.25,0.5,30,0.1608,0,True,1,True,1,False
0.433,0.25,0.5,30,0.1608,30,True,1,True,1,False
0.433,0.25,0.5,30,0.1608,60,True,1,True,1,False
0.433,0.25,0.5,30,0.1608,90,True,1,False,-31,True
0.433,0.25,0.5,30,0.2108,0,True,1,True,1,False
0.433,0.25,0.5,30,0.2108,30,True,1,True,1,False
0.433,0.25,0.5,30,0.2108,60,True,1,True,1,False
0.433,0.25,0.5,30,0.2108,90,True,1,False,-31,True
0.433,0.25,0.5,30,0.2608,0,True,1,True,1,False
0.433,0.25,0.5,30,0.2608,30,True,1,True,1,False
0.433,0.25,0.5,30,0.2608,60,True,1,True,1,False
0.433,0.25,0.5,30,0.2608,90,True,1,True,1,False
0.433,0.25,0.5,30,0.31,0,False,-31,True,1,True
0.433,0.25,0.5,30,0.31,30,False,-31,True,1,True
0.433,0.25,0.5,30,0.31,60,False,-31,True,1,True
0.433,0.25,0.5,30,0.31,90,False,-31,True,1,True
0.3536,0.3536,0.5,45,0.1608,0,True,1,True,1,False
0.3536,0.3536,0.5,45,0.1608,30,True,1,True,1,False
0.3536,0.3536,0.5,45,0.1608,60,True,1,True,1,False
0.3536,0.3536,0.5,45,0.1608,90,True,1,False,-31,True
0.3536,0.3536,0.5,45,0.2108,0,True,1,True,1,False
0.3536,0.3536,0.5,45,0.2108,30,True,1,True,1,False
0.3536,0.3536,0.5,45,0.2108,60,True,1,True,1,False
0.3536,0.3536,0.5,45,0.2108,90,True,1,False,-31,True
0.3536,0.3536,0.5,45,0.2608,0,True,1,True,1,False
0.3536,0.3536,0.5,45,0.2608,30,True,1,True,1,False
0.3536,0.3536,0.5,45,0.2608,60,True,1,True,1,False
0.3536,0.3536,0.5,45,0.2608,90,True,1,True,1,False
0.3536,0.3536,0.5,45,0.31,0,False,-31,True,1,True
0.3536,0.3536,0.5,45,0.31,30,False,-31,True,1,True
0.3536,0.3536,0.5,45,0.31,60,False,-31,True,1,True
0.3536,0.3536,0.5,45,0.31,90,False,-31,True,1,True
0.25,0.433,0.5,60,0.1608,0,True,1,True,1,False
0.25,0.433,0.5,60,0.1608,30,True,1,True,1,False
0.25,0.433,0.5,60,0.1608,60,True,1,True,1,False
0.25,0.433,0.5,60,0.1608,90,True,1,False,-31,True
0.25,0.433,0.5,60,0.2108,0,True,1,True,1,False
0.25,0.433,0.5,60,0.2108,30,True,1,True,1,False
0.25,0.433,0.5,60,0.2108,60,True,1,True,1,False
0.25,0.433,0.5,60,0.2108,90,True,1,False,-31,True
0.25,0.433,0.5,60,0.2608,0,True,1,True,1,False
0.25,0.433,0.5,60,0.2608,30,True,1,True,1,False
0.25,0.433,0.5,60,0.2608,60,True,1,True,1,False
0.25,0.433,0.5,60,0.2608,90,True,1,True,1,False
0.25,0.433,0.5,60,0.31,0,False,-31,True,1,True
0.25,0.433,0.5,60,0.31,30,False,-31,True,1,True
0.25,0.433,0.5,60,0.31,60,False,-31,True,1,True
0.25,0.433,0.5,60,0.31,90,False,-31,True,1,True
0.1294,0.483,0.5,75,0.1608,0,False,-31,True,1,True
0.1294,0.483,0.5,75,0.1608,30,True,1,True,1,False
0.1294,0.483,0.5,75,0.1608,60,True,1,True,1,False
0.1294,0.483,0.5,75,0.1608,90,True,1,False,-31,True
0.1294,0.483,0.5,75,0.2108,0,False,-31,True,1,True
0.1294,0.483,0.5,75,0.2108,30,True,1,True,1,False
0.1294,0.483,0.5,75,0.2108,60,True,1,True,1,False
0.1294,0.483,0.5,75,0.2108,90,True,1,False,-31,True
0.1294,0.483,0.5,75,0.2608,0,False,-31,True,1,True
0.1294,0.483,0.5,75,0.2608,30,True,1,True,1,False
0.1294,0.483,0.5,75,0.2608,60,True,1,True,1,False
0.1294,0.483,0.5,75,0.2608,90,True,1,True,1,False
0.1294,0.483,0.5,75,0.31,0,False,-31,True,1,True
0.1294,0.483,0.5,75,0.31,30,False,-31,True,1,True
0.1294,0.483,0.5,75,0.31,60,False,-31,True,1,True
0.1294,0.483,0.5,75,0.31,90,False,-31,True,1,True
0.0,0.5,0.5,90,0.1608,0,False,-31,True,1,True
0.0,0.5,0.5,90,0.1608,30,True,1,True,1,False
0.0,0.5,0.5,90,0.1608,60,True,1,True,1,False
0.0,0.5,0.5,90,0.1608,90,True,1,False,-31,True
0.0,0.5,0.5,90,0.2108,0,False,-31,True,1,True
0.0,0.5,0.5,90,0.2108,30,True,1,True,1,False
0.0,0.5,0.5,90,0.2108,60,True,1,True,1,False
0.0,0.5,0.5,90,0.2108,90,True,1,False,-31,True
0.0,0.5,0.5,90,0.2608,0,False,-31,True,1,True
0.0,0.5,0.5,90,0.2608,30,True,1,True,1,False
0.0,0.5,0.5,90,0.2608,60,True,1,True,1,False
0.0,0.5,0.5,90,0.2608,90,True,1,True,1,False
0.0,0.5,0.5,90,0.31,0,False,-31,True,1,True
0.0,0.5,0.5,90,0.31,30,False,-31,True,1,True
0.0,0.5,0.5,90,0.31,60,False,-31,True,1,True
0.0,0.5,0.5,90,0.31,90,False,-31,True,1,True
-0.1294,0.483,0.5,105,0.1608,0,False,-31,True,1,True
-0.1294,0.483,0.5,105,0.1608,30,False,-31,True,1,True
-0.1294,0.483,0.5,105,0.1608,60,True,1,True,1,False
-0.1294,0.483,0.5,105,0.1608,90,True,1,False,-31,True
-0.1294,0.483,0.5,105,0.2108,0,False,-31,True,1,True
-0.1294,0.483,0.5,105,0.2108,30,False,-31,True,1,True
-0.1294,0.483,0.5,105,0.2108,60,True,1,True,1,False
-0.1294,0.483,0.5,105,0.2108,90,True,1,False,-31,True
-0.1294,0.483,0.5,105,0.2608,0,False,-31,True,1,True
-0.1294,0.483,0.5,105,0.2608,30,False,-31,True,1,True
-0.1294,0.483,0.5,105,0.2608,60,True,1,True,1,False
-0.1294,0.483,0.5,105,0.2608,90,True,1,True,1,False
-0.1294,0.483,0.5,105,0.31,0,False,-31,True,1,True
-0.1294,0.483,0.5,105,0.31,30,False,-31,True,1,True
-0.1294,0.483,0.5,105,0.31,60,False,-31,True,1,True
-0.1294,0.483,0.5,105,0.31,90,False,-31,True,1,True
-0.25,0.433,0.5,120,0.1608,0,True,1,True,1,False
-0.25,0.433,0.5,120,0.1608,30,False,-31,True,1,True
-0.25,0.433,0.5,120,0.1608,60,True,1,True,1,False
-0.25,0.433,0.5,120,0.1608,90,True,1,False,-31,True
-0.25,0.433,0.5,120,0.2108,0,True,1,True,1,False
-0.25,0.433,0.5,120,0.2108,30,False,-31,True,1,True
-0.25,0.433,0.5,120,0.2108,60,True,1,True,1,False
-0.25,0.433,0.5,120,0.2108,90,True,1,False,-31,True
-0.25,0.433,0.5,120,0.2608,0,True,1,True,1,False
-0.25,0.433,0.5,120,0.2608,30,False,-31,True,1,True
-0.25,0.433,0.5,120,0.2608,60,True,1,True,1,False
-0.25,0.433,0.5,120,0.2608,90,True,1,True,1,False
-0.25,0.433,0.5,120,0.31,0,False,-31,True,1,True
-0.25,0.433,0.5,120,0.31,30,False,-31,True,1,True
-0.25,0.433,0.5,120,0.31,60,False,-31,True,1,True
-0.25,0.433,0.5,120,0.31,90,False,-31,True,1,True
-0.3536,0.3536,0.5,135,0.1608,0,True,1,True,1,False
-0.3536,0.3536,0.5,135,0.1608,30,False,-31,True,1,True
-0.3536,0.3536,0.5,135,0.1608,60,False,-31,True,1,True
-0.3536,0.3536,0.5,135,0.1608,90,True,1,False,-31,True
-0.3536,0.3536,0.5,135,0.2108,0,True,1,True,1,False
-0.3536,0.3536,0.5,135,0.2108,30,False,-31,True,1,True
-0.3536,0.3536,0.5,135,0.2108,60,False,-31,True,1,True
-0.3536,0.3536,0.5,135,0.2108,90,True,1,False,-31,True
-0.3536,0.3536,0.5,135,0.2608,0,True,1,True,1,False
-0.3536,0.3536,0.5,135,0.2608,30,False,-31,True,1,True
-0.3536,0.3536,0.5,135,0.2608,60,False,-31,True,1,True
-0.3536,0.3536,0.5,135,0.2608,90,True,1,True,1,False
-0.3536,0.3536,0.5,135,0.31,0,False,-31,True,1,True
-0.3536,0.3536,0.5,135,0.31,30,False,-31,True,1,True
-0.3536,0.3536,0.5,135,0.31,60,False,-31,True,1,True
-0.3536,0.3536,0.5,135,0.31,90,False,-31,True,1,True
-0.433,0.25,0.5,150,0.1608,0,True,1,True,1,False
-0.433,0.25,0.5,150,0.1608,30,True,1,True,1,False
-0.433,0.25,0.5,150,0.1608,60,False,-31,True,1,True
-0.433,0.25,0.5,150,0.1608,90,True,1,False,-31,True
-0.433,0.25,0.5,150,0.2108,0,True,1,True,1,False
-0.433,0.25,0.5,150,0.2108,30,True,1,True,1,False
-0.433,0.25,0.5,150,0.2108,60,False,-31,True,1,True
-0.433,0.25,0.5,150,0.2108,90,True,1,False,-31,True
-0.433,0.25,0.5,150,0.2608,0,True,1,True,1,False
-0.433,0.25,0.5,150,0.2608,30,True,1,True,1,False
-0.433,0.25,0.5,150,0.2608,60,False,-31,True,1,True
-0.433,0.25,0.5,150,0.2608,90,True,1,True,1,False
-0.433,0.25,0.5,150,0.31,0,False,-31,True,1,True
-0.433,0.25,0.5,150,0.31,30,False,-31,True,1,True
-0.433,0.25,0.5,150,0.31,60,False,-31,True,1,True
-0.433,0.25,0.5,150,0.31,90,False,-31,True,1,True
-0.483,0.1294,0.5,165,0.1608,0,True,1,True,1,False
-0.483,0.1294,0.5,165,0.1608,30,True,1,True,1,False
-0.483,0.1294,0.5,165,0.1608,60,False,-31,True,1,True
-0.483,0.1294,0.5,165,0.1608,90,False,-31,False,-31,False
-0.483,0.1294,0.5,165,0.2108,0,True,1,True,1,False
-0.483,0.1294,0.5,165,0.2108,30,True,1,True,1,False
-0.483,0.1294,0.5,165,0.2108,60,False,-31,True,1,True
-0.483,0.1294,0.5,165,0.2108,90,False,-31,False,-31,False
-0.483,0.1294,0.5,165,0.2608,0,True,1,True,1,False
-0.483,0.1294,0.5,165,0.2608,30,True,1,True,1,False
-0.483,0.1294,0.5,165,0.2608,60,False,-31,True,1,True
-0.483,0.1294,0.5,165,0.2608,90,False,-31,True,1,True
-0.483,0.1294,0.5,165,0.31,0,False,-31,True,1,True
-0.483,0.1294,0.5,165,0.31,30,False,-31,True,1,True
-0.483,0.1294,0.5,165,0.31,60,False,-31,True,1,True
-0.483,0.1294,0.5,165,0.31,90,False,-31,True,1,True
-0.55,-0.0,0.55,-180,0.1608,0,True,1,True,1,False
-0.55,-0.0,0.55,-180,0.1608,30,True,1,True,1,False
-0.55,-0.0,0.55,-180,0.1608,60,False,-31,True,1,True
-0.55,-0.0,0.55,-180,0.1608,90,False,-31,False,-31,False
-0.55,-0.0,0.55,-180,0.2108,0,True,1,True,1,False
-0.55,-0.0,0.55,-180,0.2108,30,True,1,True,1,False
-0.55,-0.0,0.55,-180,0.2108,60,False,-31,True,1,True
-0.55,-0.0,0.55,-180,0.2108,90,False,-31,False,-31,False
-0.55,-0.0,0.55,-180,0.2608,0,False,-31,True,1,True
-0.55,-0.0,0.55,-180,0.2608,30,False,-31,True,1,True
-0.55,-0.0,0.55,-180,0.2608,60,False,-31,True,1,True
-0.55,-0.0,0.55,-180,0.2608,90,False,-31,False,-31,False
-0.55,-0.0,0.55,-180,0.31,0,False,-31,True,1,True
-0.55,-0.0,0.55,-180,0.31,30,False,-31,True,1,True
-0.55,-0.0,0.55,-180,0.31,60,False,-31,True,1,True
-0.55,-0.0,0.55,-180,0.31,90,False,-31,False,-31,False
-0.5313,-0.1424,0.55,-165,0.1608,0,True,1,True,1,False
-0.5313,-0.1424,0.55,-165,0.1608,30,True,1,True,1,False
-0.5313,-0.1424,0.55,-165,0.1608,60,True,1,True,1,False
-0.5313,-0.1424,0.55,-165,0.1608,90,False,-31,False,-31,False
-0.5313,-0.1424,0.55,-165,0.2108,0,True,1,True,1,False
-0.5313,-0.1424,0.55,-165,0.2108,30,True,1,True,1,False
-0.5313,-0.1424,0.55,-165,0.2108,60,True,1,True,1,False
-0.5313,-0.1424,0.55,-165,0.2108,90,False,-31,False,-31,False
-0.5313,-0.1424,0.55,-165,0.2608,0,False,-31,True,1,True
-0.5313,-0.1424,0.55,-165,0.2608,30,False,-31,True,1,True
-0.5313,-0.1424,0.55,-165,0.2608,60,False,-31,True,1,True
-0.5313,-0.1424,0.55,-165,0.2608,90,False,-31,False,-31,False
-0.5313,-0.1424,0.55,-165,0.31,0,False,-31,True,1,True
-0.5313,-0.1424,0.55,-165,0.31,30,False,-31,True,1,True
-0.5313,-0.1424,0.55,-165,0.31,60,False,-31,True,1,True
-0.5313,-0.1424,0.55,-165,0.31,90,False,-31,False,-31,False
-0.4763,-0.275,0.55,-150,0.1608,0,True,1,True,1,False
-0.4763,-0.275,0.55,-150,0.1608,30,True,1,True,1,False
-0.4763,-0.275,0.55,-150,0.1608,60,True,1,True,1,False
-0.4763,-0.275,0.55,-150,0.1608,90,False,-31,False,-31,False
-0.4763,-0.275,0.55,-150,0.2108,0,True,1,True,1,False
-0.4763,-0.275,0.55,-150,0.2108,30,True,1,True,1,False
-0.4763,-0.275,0.55,-150,0.2108,60,True,1,True,1,False
-0.4763,-0.275,0.55,-150,0.2108,90,False,-31,False,-31,False
-0.4763,-0.275,0.55,-150,0.2608,0,False,-31,True,1,True
-0.4763,-0.275,0.55,-150,0.2608,30,False,-31,True,1,True
-0.4763,-0.275,0.55,-150,0.2608,60,False,-31,True,1,True
-0.4763,-0.275,0.55,-150,0.2608,90,False,-31,False,-31,False
-0.4763,-0.275,0.55,-150,0.31,0,False,-31,True,1,True
-0.4763,-0.275,0.55,-150,0.31,30,False,-31,True,1,True
-0.4763,-0.275,0.55,-150,0.31,60,False,-31,True,1,True
-0.4763,-0.275,0.55,-150,0.31,90,False,-31,False,-31,False
-0.3889,-0.3889,0.55,-135,0.1608,0,True,1,True,1,False
-0.3889,-0.3889,0.55,-135,0.1608,30,True,1,True,1,False
-0.3889,-0.3889,0.55,-135,0.1608,60,True,1,True,1,False
-0.3889,-0.3889,0.55,-135,0.1608,90,True,1,False,-31,True
-0.3889,-0.3889,0.55,-135,0.2108,0,True,1,True,1,False
-0.3889,-0.3889,0.55,-135,0.2108,30,True,1,True,1,False
-0.3889,-0.3889,0.55,-135,0.2108,60,True,1,True,1,False
-0.3889,-0.3889,0.55,-135,0.2108,90,True,1,False,-31,True
-0.3889,-0.3889,0.55,-135,0.2608,0,False,-31,True,1,True
-0.3889,-0.3889,0.55,-135,0.2608,30,False,-31,True,1,True
-0.3889,-0.3889,0.55,-135,0.2608,60,False,-31,True,1,True
-0.3889,-0.3889,0.55,-135,0.2608,90,False,-31,False,-31,False
-0.3889,-0.3889,0.55,-135,0.31,0,False,-31,True,1,True
-0.3889,-0.3889,0.55,-135,0.31,30,False,-31,True,1,True
-0.3889,-0.3889,0.55,-135,0.31,60,False,-31,True,1,True
-0.3889,-0.3889,0.55,-135,0.31,90,False,-31,False,-31,False
-0.275,-0.4763,0.55,-120,0.1608,0,True,1,True,1,False
-0.275,-0.4763,0.55,-120,0.1608,30,True,1,True,1,False
-0.275,-0.4763,0.55,-120,0.1608,60,True,1,True,1,False
-0.275,-0.4763,0.55,-120,0.1608,90,True,1,False,-31,True
-0.275,-0.4763,0.55,-120,0.2108,0,True,1,True,1,False
-0.275,-0.4763,0.55,-120,0.2108,30,True,1,True,1,False
-0.275,-0.4763,0.55,-120,0.2108,60,True,1,True,1,False
-0.275,-0.4763,0.55,-120,0.2108,90,True,1,False,-31,True
-0.275,-0.4763,0.55,-120,0.2608,0,False,-31,True,1,True
-0.275,-0.4763,0.55,-120,0.2608,30,False,-31,True,1,True
-0.275,-0.4763,0.55,-120,0.2608,60,False,-31,True,1,True
-0.275,-0.4763,0.55,-120,0.2608,90,False,-31,False,-31,False
-0.275,-0.4763,0.55,-120,0.31,0,False,-31,True,1,True
-0.275,-0.4763,0.55,-120,0.31,30,False,-31,True,1,True
-0.275,-0.4763,0.55,-120,0.31,60,False,-31,True,1,True
-0.275,-0.4763,0.55,-120,0.31,90,False,-31,False,-31,False
-0.1424,-0.5313,0.55,-105,0.1608,0,False,-31,True,1,True
-0.1424,-0.5313,0.55,-105,0.1608,30,True,1,True,1,False
-0.1424,-0.5313,0.55,-105,0.1608,60,True,1,True,1,False
-0.1424,-0.5313,0.55,-105,0.1608,90,True,1,False,-31,True
-0.1424,-0.5313,0.55,-105,0.2108,0,False,-31,True,1,True
-0.1424,-0.5313,0.55,-105,0.2108,30,True,1,True,1,False
-0.1424,-0.5313,0.55,-105,0.2108,60,True,1,True,1,False
-0.1424,-0.5313,0.55,-105,0.2108,90,True,1,False,-31,True
-0.1424,-0.5313,0.55,-105,0.2608,0,False,-31,True,1,True
-0.1424,-0.5313,0.55,-105,0.2608,30,False,-31,True,1,True
-0.1424,-0.5313,0.55,-105,0.2608,60,False,-31,True,1,True
-0.1424,-0.5313,0.55,-105,0.2608,90,False,-31,False,-31,False
-0.1424,-0.5313,0.55,-105,0.31,0,False,-31,True,1,True
-0.1424,-0.5313,0.55,-105,0.31,30,False,-31,True,1,True
-0.1424,-0.5313,0.55,-105,0.31,60,False,-31,True,1,True
-0.1424,-0.5313,0.55,-105,0.31,90,False,-31,False,-31,False
0.0,-0.55,0.55,-90,0.1608,0,False,-31,True,1,True
0.0,-0.55,0.55,-90,0.1608,30,True,1,True,1,False
0.0,-0.55,0.55,-90,0.1608,60,True,1,True,1,False
0.0,-0.55,0.55,-90,0.1608,90,True,1,False,-31,True
0.0,-0.55,0.55,-90,0.2108,0,False,-31,True,1,True
0.0,-0.55,0.55,-90,0.2108,30,True,1,True,1,False
0.0,-0.55,0.55,-90,0.2108,60,True,1,True,1,False
0.0,-0.55,0.55,-90,0.2108,90,True,1,False,-31,True
0.0,-0.55,0.55,-90,0.2608,0,False,-31,True,1,True
0.0,-0.55,0.55,-90,0.2608,30,False,-31,True,1,True
0.0,-0.55,0.55,-90,0.2608,60,False,-31,True,1,True
0.0,-0.55,0.55,-90,0.2608,90,False,-31,False,-31,False
0.0,-0.55,0.55,-90,0.31,0,False,-31,True,1,True
0.0,-0.55,0.55,-90,0.31,30,False,-31,True,1,True
0.0,-0.55,0.55,-90,0.31,60,False,-31,True,1,True
0.0,-0.55,0.55,-90,0.31,90,False,-31,False,-31,False
0.1424,-0.5313,0.55,-75,0.1608,0,False,-31,True,1,True
0.1424,-0.5313,0.55,-75,0.1608,30,False,-31,True,1,True
0.1424,-0.5313,0.55,-75,0.1608,60,True,1,True,1,False
0.1424,-0.5313,0.55,-75,0.1608,90,True,1,False,-31,True
0.1424,-0.5313,0.55,-75,0.2108,0,False,-31,True,1,True
0.1424,-0.5313,0.55,-75,0.2108,30,False,-31,True,1,True
0.1424,-0.5313,0.55,-75,0.2108,60,True,1,True,1,False
0.1424,-0.5313,0.55,-75,0.2108,90,True,1,False,-31,True
0.1424,-0.5313,0.55,-75,0.2608,0,False,-31,True,1,True
0.1424,-0.5313,0.55,-75,0.2608,30,False,-31,True,1,True
0.1424,-0.5313,0.55,-75,0.2608,60,False,-31,True,1,True
0.1424,-0.5313,0.55,-75,0.2608,90,False,-31,False,-31,False
0.1424,-0.5313,0.55,-75,0.31,0,False,-31,True,1,True
0.1424,-0.5313,0.55,-75,0.31,30,False,-31,True,1,True
0.1424,-0.5313,0.55,-75,0.31,60,False,-31,True,1,True
0.1424,-0.5313,0.55,-75,0.31,90,False,-31,False,-31,False
0.275,-0.4763,0.55,-60,0.1608,0,True,1,True,1,False
0.275,-0.4763,0.55,-60,0.1608,30,False,-31,True,1,True
0.275,-0.4763,0.55,-60,0.1608,60,True,1,True,1,False
0.275,-0.4763,0.55,-60,0.1608,90,True,1,False,-31,True
0.275,-0.4763,0.55,-60,0.2108,0,True,1,True,1,False
0.275,-0.4763,0.55,-60,0.2108,30,False,-31,True,1,True
0.275,-0.4763,0.55,-60,0.2108,60,True,1,True,1,False
0.275,-0.4763,0.55,-60,0.2108,90,True,1,False,-31,True
0.275,-0.4763,0.55,-60,0.2608,0,False,-31,True,1,True
0.275,-0.4763,0.55,-60,0.2608,30,False,-31,True,1,True
0.275,-0.4763,0.55,-60,0.2608,60,False,-31,True,1,True
0.275,-0.4763,0.55,-60,0.2608,90,False,-31,False,-31,False
0.275,-0.4763,0.55,-60,0.31,0,False,-31,True,1,True
0.275,-0.4763,0.55,-60,0.31,30,False,-31,True,1,True
0.275,-0.4763,0.55,-60,0.31,60,False,-31,True,1,True
0.275,-0.4763,0.55,-60,0.31,90,False,-31,False,-31,False
0.3889,-0.3889,0.55,-45,0.1608,0,True,1,True,1,False
0.3889,-0.3889,0.55,-45,0.1608,30,False,-31,True,1,True
0.3889,-0.3889,0.55,-45,0.1608,60,False,-31,True,1,True
0.3889,-0.3889,0.55,-45,0.1608,90,True,1,False,-31,True
0.3889,-0.3889,0.55,-45,0.2108,0,True,1,True,1,False
0.3889,-0.3889,0.55,-45,0.2108,30,False,-31,True,1,True
0.3889,-0.3889,0.55,-45,0.2108,60,False,-31,True,1,True
0.3889,-0.3889,0.55,-45,0.2108,90,True,1,False,-31,True
0.3889,-0.3889,0.55,-45,0.2608,0,False,-31,True,1,True
0.3889,-0.3889,0.55,-45,0.2608,30,False,-31,True,1,True
0.3889,-0.3889,0.55,-45,0.2608,60,False,-31,True,1,True
0.3889,-0.3889,0.55,-45,0.2608,90,False,-31,False,-31,False
0.3889,-0.3889,0.55,-45,0.31,0,False,-31,True,1,True
0.3889,-0.3889,0.55,-45,0.31,30,False,-31,True,1,True
0.3889,-0.3889,0.55,-45,0.31,60,False,-31,True,1,True
0.3889,-0.3889,0.55,-45,0.31,90,False,-31,False,-31,False
0.4763,-0.275,0.55,-30,0.1608,0,True,1,True,1,False
0.4763,-0.275,0.55,-30,0.1608,30,True,1,True,1,False
0.4763,-0.275,0.55,-30,0.1608,60,False,-31,True,1,True
0.4763,-0.275,0.55,-30,0.1608,90,True,1,False,-31,True
0.4763,-0.275,0.55,-30,0.2108,0,True,1,True,1,False
0.4763,-0.275,0.55,-30,0.2108,30,True,1,True,1,False
0.4763,-0.275,0.55,-30,0.2108,60,False,-31,True,1,True
0.4763,-0.275,0.55,-30,0.2108,90,True,1,False,-31,True
0.4763,-0.275,0.55,-30,0.2608,0,False,-31,True,1,True
0.4763,-0.275,0.55,-30,0.2608,30,False,-31,True,1,True
0.4763,-0.275,0.55,-30,0.2608,60,False,-31,True,1,True
0.4763,-0.275,0.55,-30,0.2608,90,False,-31,False,-31,False
0.4763,-0.275,0.55,-30,0.31,0,False,-31,True,1,True
0.4763,-0.275,0.55,-30,0.31,30,False,-31,True,1,True
0.4763,-0.275,0.55,-30,0.31,60,False,-31,True,1,True
0.4763,-0.275,0.55,-30,0.31,90,False,-31,False,-31,False
0.5313,-0.1424,0.55,-15,0.1608,0,True,1,True,1,False
0.5313,-0.1424,0.55,-15,0.1608,30,True,1,True,1,False
0.5313,-0.1424,0.55,-15,0.1608,60,False,-31,True,1,True
0.5313,-0.1424,0.55,-15,0.1608,90,False,-31,False,-31,False
0.5313,-0.1424,0.55,-15,0.2108,0,True,1,True,1,False
0.5313,-0.1424,0.55,-15,0.2108,30,True,1,True,1,False
0.5313,-0.1424,0.55,-15,0.2108,60,False,-31,True,1,True
0.5313,-0.1424,0.55,-15,0.2108,90,False,-31,False,-31,False
0.5313,-0.1424,0.55,-15,0.2608,0,False,-31,True,1,True
0.5313,-0.1424,0.55,-15,0.2608,30,False,-31,True,1,True
0.5313,-0.1424,0.55,-15,0.2608,60,False,-31,True,1,True
0.5313,-0.1424,0.55,-15,0.2608,90,False,-31,False,-31,False
0.5313,-0.1424,0.55,-15,0.31,0,False,-31,True,1,True
0.5313,-0.1424,0.55,-15,0.31,30,False,-31,True,1,True
0.5313,-0.1424,0.55,-15,0.31,60,False,-31,True,1,True
0.5313,-0.1424,0.55,-15,0.31,90,False,-31,False,-31,False
0.55,0.0,0.55,0,0.1608,0,True,1,True,1,False
0.55,0.0,0.55,0,0.1608,30,True,1,True,1,False
0.55,0.0,0.55,0,0.1608,60,True,1,True,1,False
0.55,0.0,0.55,0,0.1608,90,False,-31,False,-31,False
0.55,0.0,0.55,0,0.2108,0,True,1,True,1,False
0.55,0.0,0.55,0,0.2108,30,True,1,True,1,False
0.55,0.0,0.55,0,0.2108,60,True,1,True,1,False
0.55,0.0,0.55,0,0.2108,90,False,-31,False,-31,False
0.55,0.0,0.55,0,0.2608,0,False,-31,True,1,True
0.55,0.0,0.55,0,0.2608,30,False,-31,True,1,True
0.55,0.0,0.55,0,0.2608,60,False,-31,True,1,True
0.55,0.0,0.55,0,0.2608,90,False,-31,False,-31,False
0.55,0.0,0.55,0,0.31,0,False,-31,True,1,True
0.55,0.0,0.55,0,0.31,30,False,-31,True,1,True
0.55,0.0,0.55,0,0.31,60,False,-31,True,1,True
0.55,0.0,0.55,0,0.31,90,False,-31,False,-31,False
0.5313,0.1424,0.55,15,0.1608,0,True,1,True,1,False
0.5313,0.1424,0.55,15,0.1608,30,True,1,True,1,False
0.5313,0.1424,0.55,15,0.1608,60,True,1,True,1,False
0.5313,0.1424,0.55,15,0.1608,90,False,-31,False,-31,False
0.5313,0.1424,0.55,15,0.2108,0,True,1,True,1,False
0.5313,0.1424,0.55,15,0.2108,30,True,1,True,1,False
0.5313,0.1424,0.55,15,0.2108,60,True,1,True,1,False
0.5313,0.1424,0.55,15,0.2108,90,False,-31,False,-31,False
0.5313,0.1424,0.55,15,0.2608,0,False,-31,True,1,True
0.5313,0.1424,0.55,15,0.2608,30,False,-31,True,1,True
0.5313,0.1424,0.55,15,0.2608,60,False,-31,True,1,True
0.5313,0.1424,0.55,15,0.2608,90,False,-31,False,-31,False
0.5313,0.1424,0.55,15,0.31,0,False,-31,True,1,True
0.5313,0.1424,0.55,15,0.31,30,False,-31,True,1,True
0.5313,0.1424,0.55,15,0.31,60,False,-31,True,1,True
0.5313,0.1424,0.55,15,0.31,90,False,-31,False,-31,False
0.4763,0.275,0.55,30,0.1608,0,True,1,True,1,False
0.4763,0.275,0.55,30,0.1608,30,True,1,True,1,False
0.4763,0.275,0.55,30,0.1608,60,True,1,True,1,False
0.4763,0.275,0.55,30,0.1608,90,True,1,False,-31,True
0.4763,0.275,0.55,30,0.2108,0,True,1,True,1,False
0.4763,0.275,0.55,30,0.2108,30,True,1,True,1,False
0.4763,0.275,0.55,30,0.2108,60,True,1,True,1,False
0.4763,0.275,0.55,30,0.2108,90,True,1,False,-31,True
0.4763,0.275,0.55,30,0.2608,0,False,-31,True,1,True
0.4763,0.275,0.55,30,0.2608,30,False,-31,True,1,True
0.4763,0.275,0.55,30,0.2608,60,False,-31,True,1,True
0.4763,0.275,0.55,30,0.2608,90,False,-31,False,-31,False
0.4763,0.275,0.55,30,0.31,0,False,-31,True,1,True
0.4763,0.275,0.55,30,0.31,30,False,-31,True,1,True
0.4763,0.275,0.55,30,0.31,60,False,-31,True,1,True
0.4763,0.275,0.55,30,0.31,90,False,-31,False,-31,False
0.3889,0.3889,0.55,45,0.1608,0,True,1,True,1,False
0.3889,0.3889,0.55,45,0.1608,30,True,1,True,1,False
0.3889,0.3889,0.55,45,0.1608,60,True,1,True,1,False
0.3889,0.3889,0.55,45,0.1608,90,True,1,False,-31,True
0.3889,0.3889,0.55,45,0.2108,0,True,1,True,1,False
0.3889,0.3889,0.55,45,0.2108,30,True,1,True,1,False
0.3889,0.3889,0.55,45,0.2108,60,True,1,True,1,False
0.3889,0.3889,0.55,45,0.2108,90,True,1,False,-31,True
0.3889,0.3889,0.55,45,0.2608,0,False,-31,True,1,True
0.3889,0.3889,0.55,45,0.2608,30,False,-31,True,1,True
0.3889,0.3889,0.55,45,0.2608,60,False,-31,True,1,True
0.3889,0.3889,0.55,45,0.2608,90,False,-31,False,-31,False
0.3889,0.3889,0.55,45,0.31,0,False,-31,True,1,True
0.3889,0.3889,0.55,45,0.31,30,False,-31,True,1,True
0.3889,0.3889,0.55,45,0.31,60,False,-31,True,1,True
0.3889,0.3889,0.55,45,0.31,90,False,-31,False,-31,False
0.275,0.4763,0.55,60,0.1608,0,False,-31,True,1,True
0.275,0.4763,0.55,60,0.1608,30,True,1,True,1,False
0.275,0.4763,0.55,60,0.1608,60,True,1,True,1,False
0.275,0.4763,0.55,60,0.1608,90,True,1,False,-31,True
0.275,0.4763,0.55,60,0.2108,0,False,-31,True,1,True
0.275,0.4763,0.55,60,0.2108,30,True,1,True,1,False
0.275,0.4763,0.55,60,0.2108,60,True,1,True,1,False
0.275,0.4763,0.55,60,0.2108,90,True,1,False,-31,True
0.275,0.4763,0.55,60,0.2608,0,False,-31,True,1,True
0.275,0.4763,0.55,60,0.2608,30,False,-31,True,1,True
0.275,0.4763,0.55,60,0.2608,60,False,-31,True,1,True
0.275,0.4763,0.55,60,0.2608,90,False,-31,False,-31,False
0.275,0.4763,0.55,60,0.31,0,False,-31,True,1,True
0.275,0.4763,0.55,60,0.31,30,False,-31,True,1,True
0.275,0.4763,0.55,60,0.31,60,False,-31,True,1,True
0.275,0.4763,0.55,60,0.31,90,False,-31,False,-31,False
0.1424,0.5313,0.55,75,0.1608,0,False,-31,True,1,True
0.1424,0.5313,0.55,75,0.1608,30,True,1,True,1,False
0.1424,0.5313,0.55,75,0.1608,60,True,1,True,1,False
0.1424,0.5313,0.55,75,0.1608,90,True,1,False,-31,True
0.1424,0.5313,0.55,75,0.2108,0,False,-31,True,1,True
0.1424,0.5313,0.55,75,0.2108,30,True,1,True,1,False
0.1424,0.5313,0.55,75,0.2108,60,True,1,True,1,False
0.1424,0.5313,0.55,75,0.2108,90,True,1,False,-31,True
0.1424,0.5313,0.55,75,0.2608,0,False,-31,True,1,True
0.1424,0.5313,0.55,75,0.2608,30,False,-31,True,1,True
0.1424,0.5313,0.55,75,0.2608,60,False,-31,True,1,True
0.1424,0.5313,0.55,75,0.2608,90,False,-31,False,-31,False
0.1424,0.5313,0.55,75,0.31,0,False,-31,True,1,True
0.1424,0.5313,0.55,75,0.31,30,False,-31,True,1,True
0.1424,0.5313,0.55,75,0.31,60,False,-31,True,1,True
0.1424,0.5313,0.55,75,0.31,90,False,-31,False,-31,False
0.0,0.55,0.55,90,0.1608,0,False,-31,True,1,True
0.0,0.55,0.55,90,0.1608,30,False,-31,True,1,True
0.0,0.55,0.55,90,0.1608,60,True,1,True,1,False
0.0,0.55,0.55,90,0.1608,90,True,1,False,-31,True
0.0,0.55,0.55,90,0.2108,0,False,-31,True,1,True
0.0,0.55,0.55,90,0.2108,30,False,-31,True,1,True
0.0,0.55,0.55,90,0.2108,60,True,1,True,1,False
0.0,0.55,0.55,90,0.2108,90,True,1,False,-31,True
0.0,0.55,0.55,90,0.2608,0,False,-31,True,1,True
0.0,0.55,0.55,90,0.2608,30,False,-31,True,1,True
0.0,0.55,0.55,90,0.2608,60,False,-31,True,1,True
0.0,0.55,0.55,90,0.2608,90,False,-31,False,-31,False
0.0,0.55,0.55,90,0.31,0,False,-31,True,1,True
0.0,0.55,0.55,90,0.31,30,False,-31,True,1,True
0.0,0.55,0.55,90,0.31,60,False,-31,True,1,True
0.0,0.55,0.55,90,0.31,90,False,-31,False,-31,False
-0.1424,0.5313,0.55,105,0.1608,0,False,-31,True,1,True
-0.1424,0.5313,0.55,105,0.1608,30,False,-31,True,1,True
-0.1424,0.5313,0.55,105,0.1608,60,True,1,True,1,False
-0.1424,0.5313,0.55,105,0.1608,90,True,1,False,-31,True
-0.1424,0.5313,0.55,105,0.2108,0,False,-31,True,1,True
-0.1424,0.5313,0.55,105,0.2108,30,False,-31,True,1,True
-0.1424,0.5313,0.55,105,0.2108,60,True,1,True,1,False
-0.1424,0.5313,0.55,105,0.2108,90,True,1,False,-31,True
-0.1424,0.5313,0.55,105,0.2608,0,False,-31,True,1,True
-0.1424,0.5313,0.55,105,0.2608,30,False,-31,True,1,True
-0.1424,0.5313,0.55,105,0.2608,60,False,-31,True,1,True
-0.1424,0.5313,0.55,105,0.2608,90,False,-31,False,-31,False
-0.1424,0.5313,0.55,105,0.31,0,False,-31,True,1,True
-0.1424,0.5313,0.55,105,0.31,30,False,-31,True,1,True
-0.1424,0.5313,0.55,105,0.31,60,False,-31,True,1,True
-0.1424,0.5313,0.55,105,0.31,90,False,-31,False,-31,False
-0.275,0.4763,0.55,120,0.1608,0,False,-31,True,1,True
-0.275,0.4763,0.55,120,0.1608,30,False,-31,True,1,True
-0.275,0.4763,0.55,120,0.1608,60,False,-31,True,1,True
-0.275,0.4763,0.55,120,0.1608,90,True,1,False,-31,True
-0.275,0.4763,0.55,120,0.2108,0,False,-31,True,1,True
-0.275,0.4763,0.55,120,0.2108,30,False,-31,True,1,True
-0.275,0.4763,0.55,120,0.2108,60,False,-31,True,1,True
-0.275,0.4763,0.55,120,0.2108,90,True,1,False,-31,True
-0.275,0.4763,0.55,120,0.2608,0,False,-31,True,1,True
-0.275,0.4763,0.55,120,0.2608,30,False,-31,True,1,True
-0.275,0.4763,0.55,120,0.2608,60,False,-31,True,1,True
-0.275,0.4763,0.55,120,0.2608,90,False,-31,False,-31,False
-0.275,0.4763,0.55,120,0.31,0,False,-31,True,1,True
-0.275,0.4763,0.55,120,0.31,30,False,-31,True,1,True
-0.275,0.4763,0.55,120,0.31,60,False,-31,True,1,True
-0.275,0.4763,0.55,120,0.31,90,False,-31,False,-31,False
-0.3889,0.3889,0.55,135,0.1608,0,True,1,True,1,False
-0.3889,0.3889,0.55,135,0.1608,30,False,-31,True,1,True
-0.3889,0.3889,0.55,135,0.1608,60,False,-31,True,1,True
-0.3889,0.3889,0.55,135,0.1608,90,True,1,False,-31,True
-0.3889,0.3889,0.55,135,0.2108,0,True,1,True,1,False
-0.3889,0.3889,0.55,135,0.2108,30,False,-31,True,1,True
-0.3889,0.3889,0.55,135,0.2108,60,False,-31,True,1,True
-0.3889,0.3889,0.55,135,0.2108,90,True,1,False,-31,True
-0.3889,0.3889,0.55,135,0.2608,0,False,-31,True,1,True
-0.3889,0.3889,0.55,135,0.2608,30,False,-31,True,1,True
-0.3889,0.3889,0.55,135,0.2608,60,False,-31,True,1,True
-0.3889,0.3889,0.55,135,0.2608,90,False,-31,False,-31,False
-0.3889,0.3889,0.55,135,0.31,0,False,-31,True,1,True
-0.3889,0.3889,0.55,135,0.31,30,False,-31,True,1,True
-0.3889,0.3889,0.55,135,0.31,60,False,-31,True,1,True
-0.3889,0.3889,0.55,135,0.31,90,False,-31,False,-31,False
-0.4763,0.275,0.55,150,0.1608,0,True,1,True,1,False
-0.4763,0.275,0.55,150,0.1608,30,False,-31,True,1,True
-0.4763,0.275,0.55,150,0.1608,60,False,-31,True,1,True
-0.4763,0.275,0.55,150,0.1608,90,False,-31,False,-31,False
-0.4763,0.275,0.55,150,0.2108,0,True,1,True,1,False
-0.4763,0.275,0.55,150,0.2108,30,False,-31,True,1,True
-0.4763,0.275,0.55,150,0.2108,60,False,-31,True,1,True
-0.4763,0.275,0.55,150,0.2108,90,False,-31,False,-31,False
-0.4763,0.275,0.55,150,0.2608,0,False,-31,True,1,True
-0.4763,0.275,0.55,150,0.2608,30,False,-31,True,1,True
-0.4763,0.275,0.55,150,0.2608,60,False,-31,True,1,True
-0.4763,0.275,0.55,150,0.2608,90,False,-31,False,-31,False
-0.4763,0.275,0.55,150,0.31,0,False,-31,True,1,True
-0.4763,0.275,0.55,150,0.31,30,False,-31,True,1,True
-0.4763,0.275,0.55,150,0.31,60,False,-31,True,1,True
-0.4763,0.275,0.55,150,0.31,90,False,-31,False,-31,False
-0.5313,0.1424,0.55,165,0.1608,0,True,1,True,1,False
-0.5313,0.1424,0.55,165,0.1608,30,True,1,True,1,False
-0.5313,0.1424,0.55,165,0.1608,60,False,-31,True,1,True
-0.5313,0.1424,0.55,165,0.1608,90,False,-31,False,-31,False
-0.5313,0.1424,0.55,165,0.2108,0,True,1,True,1,False
-0.5313,0.1424,0.55,165,0.2108,30,True,1,True,1,False
-0.5313,0.1424,0.55,165,0.2108,60,False,-31,True,1,True
-0.5313,0.1424,0.55,165,0.2108,90,False,-31,False,-31,False
-0.5313,0.1424,0.55,165,0.2608,0,False,-31,True,1,True
-0.5313,0.1424,0.55,165,0.2608,30,False,-31,True,1,True
-0.5313,0.1424,0.55,165,0.2608,60,False,-31,True,1,True
-0.5313,0.1424,0.55,165,0.2608,90,False,-31,False,-31,False
-0.5313,0.1424,0.55,165,0.31,0,False,-31,True,1,True
-0.5313,0.1424,0.55,165,0.31,30,False,-31,True,1,True
-0.5313,0.1424,0.55,165,0.31,60,False,-31,True,1,True
-0.5313,0.1424,0.55,165,0.31,90,False,-31,False,-31,False
